1;1;1;1;1;1;1;1;1;1;1;1;1
1;1;1;1;1;1;1;1;0;1;1;1;0
1;1;1;1;1;1;1;0;1;1;1;0;1
1;1;1;1;1;1;1;0;0;1;1;0;0
1;1;1;1;1;1;0;1;1;1;1;1;1
1;1;1;1;1;1;0;1;0;1;1;1;0
1;1;1;1;1;1;0;0;1;1;1;0;1
1;1;1;1;1;1;0;0;0;1;1;0;0
1;1;1;1;1;0;1;1;1;1;1;1;1
1;1;1;1;1;0;1;1;0;1;1;1;0
1;1;1;1;1;0;1;0;1;1;1;0;1
1;1;1;1;1;0;1;0;0;1;1;0;0
1;1;1;1;1;0;0;1;1;1;0;1;1
1;1;1;1;1;0;0;1;0;1;0;1;0
1;1;1;1;1;0;0;0;1;1;0;0;1
1;1;1;1;1;0;0;0;0;1;0;0;0
1;1;1;1;0;1;1;1;1;1;1;1;1
1;1;1;1;0;1;1;1;0;1;1;1;0
1;1;1;1;0;1;1;0;1;1;1;0;1
1;1;1;1;0;1;1;0;0;1;1;0;0
1;1;1;1;0;1;0;1;1;1;1;1;1
1;1;1;1;0;1;0;1;0;1;1;1;0
1;1;1;1;0;1;0;0;1;1;1;0;1
1;1;1;1;0;1;0;0;0;1;1;0;0
1;1;1;1;0;0;1;1;1;1;1;1;1
1;1;1;1;0;0;1;1;0;1;1;1;0
1;1;1;1;0;0;1;0;1;1;1;0;1
1;1;1;1;0;0;1;0;0;1;1;0;0
1;1;1;1;0;0;0;1;1;1;0;1;1
1;1;1;1;0;0;0;1;0;1;0;1;0
1;1;1;1;0;0;0;0;1;1;0;0;1
1;1;1;1;0;0;0;0;0;1;0;0;0
1;1;1;0;1;1;1;1;1;1;1;1;0
1;1;1;0;1;1;1;1;0;1;1;1;0
1;1;1;0;1;1;1;0;1;1;1;0;0
1;1;1;0;1;1;1;0;0;1;1;0;0
1;1;1;0;1;1;0;1;1;1;1;1;0
1;1;1;0;1;1;0;1;0;1;1;1;0
1;1;1;0;1;1;0;0;1;1;1;0;0
1;1;1;0;1;1;0;0;0;1;1;0;0
1;1;1;0;1;0;1;1;1;1;1;1;0
1;1;1;0;1;0;1;1;0;1;1;1;0
1;1;1;0;1;0;1;0;1;1;1;0;0
1;1;1;0;1;0;1;0;0;1;1;0;0
1;1;1;0;1;0;0;1;1;1;0;1;0
1;1;1;0;1;0;0;1;0;1;0;1;0
1;1;1;0;1;0;0;0;1;1;0;0;0
1;1;1;0;1;0;0;0;0;1;0;0;0
1;1;1;0;0;1;1;1;1;1;1;1;0
1;1;1;0;0;1;1;1;0;1;1;1;0
1;1;1;0;0;1;1;0;1;1;1;0;0
1;1;1;0;0;1;1;0;0;1;1;0;0
1;1;1;0;0;1;0;1;1;1;1;1;0
1;1;1;0;0;1;0;1;0;1;1;1;0
1;1;1;0;0;1;0;0;1;1;1;0;0
1;1;1;0;0;1;0;0;0;1;1;0;0
1;1;1;0;0;0;1;1;1;1;1;1;0
1;1;1;0;0;0;1;1;0;1;1;1;0
1;1;1;0;0;0;1;0;1;1;1;0;0
1;1;1;0;0;0;1;0;0;1;1;0;0
1;1;1;0;0;0;0;1;1;1;0;1;0
1;1;1;0;0;0;0;1;0;1;0;1;0
1;1;1;0;0;0;0;0;1;1;0;0;0
1;1;1;0;0;0;0;0;0;1;0;0;0
1;1;0;1;1;1;1;1;1;1;1;1;1
1;1;0;1;1;1;1;1;0;1;1;1;0
1;1;0;1;1;1;1;0;1;1;1;0;1
1;1;0;1;1;1;1;0;0;1;1;0;0
1;1;0;1;1;1;0;1;1;1;1;1;1
1;1;0;1;1;1;0;1;0;1;1;1;0
1;1;0;1;1;1;0;0;1;1;1;0;1
1;1;0;1;1;1;0;0;0;1;1;0;0
1;1;0;1;1;0;1;1;1;1;1;1;1
1;1;0;1;1;0;1;1;0;1;1;1;0
1;1;0;1;1;0;1;0;1;1;1;0;1
1;1;0;1;1;0;1;0;0;1;1;0;0
1;1;0;1;1;0;0;1;1;1;0;1;1
1;1;0;1;1;0;0;1;0;1;0;1;0
1;1;0;1;1;0;0;0;1;1;0;0;1
1;1;0;1;1;0;0;0;0;1;0;0;0
1;1;0;1;0;1;1;1;1;1;1;1;1
1;1;0;1;0;1;1;1;0;1;1;1;0
1;1;0;1;0;1;1;0;1;1;1;0;1
1;1;0;1;0;1;1;0;0;1;1;0;0
1;1;0;1;0;1;0;1;1;1;1;1;1
1;1;0;1;0;1;0;1;0;1;1;1;0
1;1;0;1;0;1;0;0;1;1;1;0;1
1;1;0;1;0;1;0;0;0;1;1;0;0
1;1;0;1;0;0;1;1;1;1;1;1;1
1;1;0;1;0;0;1;1;0;1;1;1;0
1;1;0;1;0;0;1;0;1;1;1;0;1
1;1;0;1;0;0;1;0;0;1;1;0;0
1;1;0;1;0;0;0;1;1;1;0;1;1
1;1;0;1;0;0;0;1;0;1;0;1;0
1;1;0;1;0;0;0;0;1;1;0;0;1
1;1;0;1;0;0;0;0;0;1;0;0;0
1;1;0;0;1;1;1;1;1;1;1;1;0
1;1;0;0;1;1;1;1;0;1;1;1;0
1;1;0;0;1;1;1;0;1;1;1;0;0
1;1;0;0;1;1;1;0;0;1;1;0;0
1;1;0;0;1;1;0;1;1;1;1;1;0
1;1;0;0;1;1;0;1;0;1;1;1;0
1;1;0;0;1;1;0;0;1;1;1;0;0
1;1;0;0;1;1;0;0;0;1;1;0;0
1;1;0;0;1;0;1;1;1;1;1;1;0
1;1;0;0;1;0;1;1;0;1;1;1;0
1;1;0;0;1;0;1;0;1;1;1;0;0
1;1;0;0;1;0;1;0;0;1;1;0;0
1;1;0;0;1;0;0;1;1;1;0;1;0
1;1;0;0;1;0;0;1;0;1;0;1;0
1;1;0;0;1;0;0;0;1;1;0;0;0
1;1;0;0;1;0;0;0;0;1;0;0;0
1;1;0;0;0;1;1;1;1;1;1;1;0
1;1;0;0;0;1;1;1;0;1;1;1;0
1;1;0;0;0;1;1;0;1;1;1;0;0
1;1;0;0;0;1;1;0;0;1;1;0;0
1;1;0;0;0;1;0;1;1;1;1;1;0
1;1;0;0;0;1;0;1;0;1;1;1;0
1;1;0;0;0;1;0;0;1;1;1;0;0
1;1;0;0;0;1;0;0;0;1;1;0;0
1;1;0;0;0;0;1;1;1;1;1;1;0
1;1;0;0;0;0;1;1;0;1;1;1;0
1;1;0;0;0;0;1;0;1;1;1;0;0
1;1;0;0;0;0;1;0;0;1;1;0;0
1;1;0;0;0;0;0;1;1;1;0;1;0
1;1;0;0;0;0;0;1;0;1;0;1;0
1;1;0;0;0;0;0;0;1;1;0;0;0
1;1;0;0;0;0;0;0;0;1;0;0;0
1;0;1;1;1;1;1;1;1;1;1;1;1
1;0;1;1;1;1;1;1;0;1;1;1;0
1;0;1;1;1;1;1;0;1;1;1;0;1
1;0;1;1;1;1;1;0;0;1;1;0;0
1;0;1;1;1;1;0;1;1;1;1;1;1
1;0;1;1;1;1;0;1;0;1;1;1;0
1;0;1;1;1;1;0;0;1;1;1;0;1
1;0;1;1;1;1;0;0;0;1;1;0;0
1;0;1;1;1;0;1;1;1;1;1;1;1
1;0;1;1;1;0;1;1;0;1;1;1;0
1;0;1;1;1;0;1;0;1;1;1;0;1
1;0;1;1;1;0;1;0;0;1;1;0;0
1;0;1;1;1;0;0;1;1;1;0;1;1
1;0;1;1;1;0;0;1;0;1;0;1;0
1;0;1;1;1;0;0;0;1;1;0;0;1
1;0;1;1;1;0;0;0;0;1;0;0;0
1;0;1;1;0;1;1;1;1;1;0;1;1
1;0;1;1;0;1;1;1;0;1;0;1;0
1;0;1;1;0;1;1;0;1;1;0;0;1
1;0;1;1;0;1;1;0;0;1;0;0;0
1;0;1;1;0;1;0;1;1;1;0;1;1
1;0;1;1;0;1;0;1;0;1;0;1;0
1;0;1;1;0;1;0;0;1;1;0;0;1
1;0;1;1;0;1;0;0;0;1;0;0;0
1;0;1;1;0;0;1;1;1;1;0;1;1
1;0;1;1;0;0;1;1;0;1;0;1;0
1;0;1;1;0;0;1;0;1;1;0;0;1
1;0;1;1;0;0;1;0;0;1;0;0;0
1;0;1;1;0;0;0;1;1;1;0;1;1
1;0;1;1;0;0;0;1;0;1;0;1;0
1;0;1;1;0;0;0;0;1;1;0;0;1
1;0;1;1;0;0;0;0;0;1;0;0;0
1;0;1;0;1;1;1;1;1;1;0;1;0
1;0;1;0;1;1;1;1;0;1;0;1;0
1;0;1;0;1;1;1;0;1;1;0;0;0
1;0;1;0;1;1;1;0;0;1;0;0;0
1;0;1;0;1;1;0;1;1;1;0;1;0
1;0;1;0;1;1;0;1;0;1;0;1;0
1;0;1;0;1;1;0;0;1;1;0;0;0
1;0;1;0;1;1;0;0;0;1;0;0;0
1;0;1;0;1;0;1;1;1;1;0;1;0
1;0;1;0;1;0;1;1;0;1;0;1;0
1;0;1;0;1;0;1;0;1;1;0;0;0
1;0;1;0;1;0;1;0;0;1;0;0;0
1;0;1;0;1;0;0;1;1;1;0;1;0
1;0;1;0;1;0;0;1;0;1;0;1;0
1;0;1;0;1;0;0;0;1;1;0;0;0
1;0;1;0;1;0;0;0;0;1;0;0;0
1;0;1;0;0;1;1;1;1;1;0;1;0
1;0;1;0;0;1;1;1;0;1;0;1;0
1;0;1;0;0;1;1;0;1;1;0;0;0
1;0;1;0;0;1;1;0;0;1;0;0;0
1;0;1;0;0;1;0;1;1;1;0;1;0
1;0;1;0;0;1;0;1;0;1;0;1;0
1;0;1;0;0;1;0;0;1;1;0;0;0
1;0;1;0;0;1;0;0;0;1;0;0;0
1;0;1;0;0;0;1;1;1;1;0;1;0
1;0;1;0;0;0;1;1;0;1;0;1;0
1;0;1;0;0;0;1;0;1;1;0;0;0
1;0;1;0;0;0;1;0;0;1;0;0;0
1;0;1;0;0;0;0;1;1;1;0;1;0
1;0;1;0;0;0;0;1;0;1;0;1;0
1;0;1;0;0;0;0;0;1;1;0;0;0
1;0;1;0;0;0;0;0;0;1;0;0;0
1;0;0;1;1;1;1;1;1;1;1;1;1
1;0;0;1;1;1;1;1;0;1;1;1;0
1;0;0;1;1;1;1;0;1;1;1;0;1
1;0;0;1;1;1;1;0;0;1;1;0;0
1;0;0;1;1;1;0;1;1;1;1;1;1
1;0;0;1;1;1;0;1;0;1;1;1;0
1;0;0;1;1;1;0;0;1;1;1;0;1
1;0;0;1;1;1;0;0;0;1;1;0;0
1;0;0;1;1;0;1;1;1;1;1;1;1
1;0;0;1;1;0;1;1;0;1;1;1;0
1;0;0;1;1;0;1;0;1;1;1;0;1
1;0;0;1;1;0;1;0;0;1;1;0;0
1;0;0;1;1;0;0;1;1;1;0;1;1
1;0;0;1;1;0;0;1;0;1;0;1;0
1;0;0;1;1;0;0;0;1;1;0;0;1
1;0;0;1;1;0;0;0;0;1;0;0;0
1;0;0;1;0;1;1;1;1;1;0;1;1
1;0;0;1;0;1;1;1;0;1;0;1;0
1;0;0;1;0;1;1;0;1;1;0;0;1
1;0;0;1;0;1;1;0;0;1;0;0;0
1;0;0;1;0;1;0;1;1;1;0;1;1
1;0;0;1;0;1;0;1;0;1;0;1;0
1;0;0;1;0;1;0;0;1;1;0;0;1
1;0;0;1;0;1;0;0;0;1;0;0;0
1;0;0;1;0;0;1;1;1;1;0;1;1
1;0;0;1;0;0;1;1;0;1;0;1;0
1;0;0;1;0;0;1;0;1;1;0;0;1
1;0;0;1;0;0;1;0;0;1;0;0;0
1;0;0;1;0;0;0;1;1;1;0;1;1
1;0;0;1;0;0;0;1;0;1;0;1;0
1;0;0;1;0;0;0;0;1;1;0;0;1
1;0;0;1;0;0;0;0;0;1;0;0;0
1;0;0;0;1;1;1;1;1;1;0;1;0
1;0;0;0;1;1;1;1;0;1;0;1;0
1;0;0;0;1;1;1;0;1;1;0;0;0
1;0;0;0;1;1;1;0;0;1;0;0;0
1;0;0;0;1;1;0;1;1;1;0;1;0
1;0;0;0;1;1;0;1;0;1;0;1;0
1;0;0;0;1;1;0;0;1;1;0;0;0
1;0;0;0;1;1;0;0;0;1;0;0;0
1;0;0;0;1;0;1;1;1;1;0;1;0
1;0;0;0;1;0;1;1;0;1;0;1;0
1;0;0;0;1;0;1;0;1;1;0;0;0
1;0;0;0;1;0;1;0;0;1;0;0;0
1;0;0;0;1;0;0;1;1;1;0;1;0
1;0;0;0;1;0;0;1;0;1;0;1;0
1;0;0;0;1;0;0;0;1;1;0;0;0
1;0;0;0;1;0;0;0;0;1;0;0;0
1;0;0;0;0;1;1;1;1;1;0;1;0
1;0;0;0;0;1;1;1;0;1;0;1;0
1;0;0;0;0;1;1;0;1;1;0;0;0
1;0;0;0;0;1;1;0;0;1;0;0;0
1;0;0;0;0;1;0;1;1;1;0;1;0
1;0;0;0;0;1;0;1;0;1;0;1;0
1;0;0;0;0;1;0;0;1;1;0;0;0
1;0;0;0;0;1;0;0;0;1;0;0;0
1;0;0;0;0;0;1;1;1;1;0;1;0
1;0;0;0;0;0;1;1;0;1;0;1;0
1;0;0;0;0;0;1;0;1;1;0;0;0
1;0;0;0;0;0;1;0;0;1;0;0;0
1;0;0;0;0;0;0;1;1;1;0;1;0
1;0;0;0;0;0;0;1;0;1;0;1;0
1;0;0;0;0;0;0;0;1;1;0;0;0
1;0;0;0;0;0;0;0;0;1;0;0;0
0;1;1;1;1;1;1;1;1;1;1;1;1
0;1;1;1;1;1;1;1;0;1;1;1;0
0;1;1;1;1;1;1;0;1;1;1;0;1
0;1;1;1;1;1;1;0;0;1;1;0;0
0;1;1;1;1;1;0;1;1;1;1;1;1
0;1;1;1;1;1;0;1;0;1;1;1;0
0;1;1;1;1;1;0;0;1;1;1;0;1
0;1;1;1;1;1;0;0;0;1;1;0;0
0;1;1;1;1;0;1;1;1;1;1;1;1
0;1;1;1;1;0;1;1;0;1;1;1;0
0;1;1;1;1;0;1;0;1;1;1;0;1
0;1;1;1;1;0;1;0;0;1;1;0;0
0;1;1;1;1;0;0;1;1;1;0;1;1
0;1;1;1;1;0;0;1;0;1;0;1;0
0;1;1;1;1;0;0;0;1;1;0;0;1
0;1;1;1;1;0;0;0;0;1;0;0;0
0;1;1;1;0;1;1;1;1;1;1;1;1
0;1;1;1;0;1;1;1;0;1;1;1;0
0;1;1;1;0;1;1;0;1;1;1;0;1
0;1;1;1;0;1;1;0;0;1;1;0;0
0;1;1;1;0;1;0;1;1;1;1;1;1
0;1;1;1;0;1;0;1;0;1;1;1;0
0;1;1;1;0;1;0;0;1;1;1;0;1
0;1;1;1;0;1;0;0;0;1;1;0;0
0;1;1;1;0;0;1;1;1;1;1;1;1
0;1;1;1;0;0;1;1;0;1;1;1;0
0;1;1;1;0;0;1;0;1;1;1;0;1
0;1;1;1;0;0;1;0;0;1;1;0;0
0;1;1;1;0;0;0;1;1;1;0;1;1
0;1;1;1;0;0;0;1;0;1;0;1;0
0;1;1;1;0;0;0;0;1;1;0;0;1
0;1;1;1;0;0;0;0;0;1;0;0;0
0;1;1;0;1;1;1;1;1;1;1;1;0
0;1;1;0;1;1;1;1;0;1;1;1;0
0;1;1;0;1;1;1;0;1;1;1;0;0
0;1;1;0;1;1;1;0;0;1;1;0;0
0;1;1;0;1;1;0;1;1;1;1;1;0
0;1;1;0;1;1;0;1;0;1;1;1;0
0;1;1;0;1;1;0;0;1;1;1;0;0
0;1;1;0;1;1;0;0;0;1;1;0;0
0;1;1;0;1;0;1;1;1;1;1;1;0
0;1;1;0;1;0;1;1;0;1;1;1;0
0;1;1;0;1;0;1;0;1;1;1;0;0
0;1;1;0;1;0;1;0;0;1;1;0;0
0;1;1;0;1;0;0;1;1;1;0;1;0
0;1;1;0;1;0;0;1;0;1;0;1;0
0;1;1;0;1;0;0;0;1;1;0;0;0
0;1;1;0;1;0;0;0;0;1;0;0;0
0;1;1;0;0;1;1;1;1;1;1;1;0
0;1;1;0;0;1;1;1;0;1;1;1;0
0;1;1;0;0;1;1;0;1;1;1;0;0
0;1;1;0;0;1;1;0;0;1;1;0;0
0;1;1;0;0;1;0;1;1;1;1;1;0
0;1;1;0;0;1;0;1;0;1;1;1;0
0;1;1;0;0;1;0;0;1;1;1;0;0
0;1;1;0;0;1;0;0;0;1;1;0;0
0;1;1;0;0;0;1;1;1;1;1;1;0
0;1;1;0;0;0;1;1;0;1;1;1;0
0;1;1;0;0;0;1;0;1;1;1;0;0
0;1;1;0;0;0;1;0;0;1;1;0;0
0;1;1;0;0;0;0;1;1;1;0;1;0
0;1;1;0;0;0;0;1;0;1;0;1;0
0;1;1;0;0;0;0;0;1;1;0;0;0
0;1;1;0;0;0;0;0;0;1;0;0;0
0;1;0;1;1;1;1;1;1;1;1;1;1
0;1;0;1;1;1;1;1;0;1;1;1;0
0;1;0;1;1;1;1;0;1;1;1;0;1
0;1;0;1;1;1;1;0;0;1;1;0;0
0;1;0;1;1;1;0;1;1;1;1;1;1
0;1;0;1;1;1;0;1;0;1;1;1;0
0;1;0;1;1;1;0;0;1;1;1;0;1
0;1;0;1;1;1;0;0;0;1;1;0;0
0;1;0;1;1;0;1;1;1;1;1;1;1
0;1;0;1;1;0;1;1;0;1;1;1;0
0;1;0;1;1;0;1;0;1;1;1;0;1
0;1;0;1;1;0;1;0;0;1;1;0;0
0;1;0;1;1;0;0;1;1;1;0;1;1
0;1;0;1;1;0;0;1;0;1;0;1;0
0;1;0;1;1;0;0;0;1;1;0;0;1
0;1;0;1;1;0;0;0;0;1;0;0;0
0;1;0;1;0;1;1;1;1;1;1;1;1
0;1;0;1;0;1;1;1;0;1;1;1;0
0;1;0;1;0;1;1;0;1;1;1;0;1
0;1;0;1;0;1;1;0;0;1;1;0;0
0;1;0;1;0;1;0;1;1;1;1;1;1
0;1;0;1;0;1;0;1;0;1;1;1;0
0;1;0;1;0;1;0;0;1;1;1;0;1
0;1;0;1;0;1;0;0;0;1;1;0;0
0;1;0;1;0;0;1;1;1;1;1;1;1
0;1;0;1;0;0;1;1;0;1;1;1;0
0;1;0;1;0;0;1;0;1;1;1;0;1
0;1;0;1;0;0;1;0;0;1;1;0;0
0;1;0;1;0;0;0;1;1;1;0;1;1
0;1;0;1;0;0;0;1;0;1;0;1;0
0;1;0;1;0;0;0;0;1;1;0;0;1
0;1;0;1;0;0;0;0;0;1;0;0;0
0;1;0;0;1;1;1;1;1;1;1;1;0
0;1;0;0;1;1;1;1;0;1;1;1;0
0;1;0;0;1;1;1;0;1;1;1;0;0
0;1;0;0;1;1;1;0;0;1;1;0;0
0;1;0;0;1;1;0;1;1;1;1;1;0
0;1;0;0;1;1;0;1;0;1;1;1;0
0;1;0;0;1;1;0;0;1;1;1;0;0
0;1;0;0;1;1;0;0;0;1;1;0;0
0;1;0;0;1;0;1;1;1;1;1;1;0
0;1;0;0;1;0;1;1;0;1;1;1;0
0;1;0;0;1;0;1;0;1;1;1;0;0
0;1;0;0;1;0;1;0;0;1;1;0;0
0;1;0;0;1;0;0;1;1;1;0;1;0
0;1;0;0;1;0;0;1;0;1;0;1;0
0;1;0;0;1;0;0;0;1;1;0;0;0
0;1;0;0;1;0;0;0;0;1;0;0;0
0;1;0;0;0;1;1;1;1;1;1;1;0
0;1;0;0;0;1;1;1;0;1;1;1;0
0;1;0;0;0;1;1;0;1;1;1;0;0
0;1;0;0;0;1;1;0;0;1;1;0;0
0;1;0;0;0;1;0;1;1;1;1;1;0
0;1;0;0;0;1;0;1;0;1;1;1;0
0;1;0;0;0;1;0;0;1;1;1;0;0
0;1;0;0;0;1;0;0;0;1;1;0;0
0;1;0;0;0;0;1;1;1;1;1;1;0
0;1;0;0;0;0;1;1;0;1;1;1;0
0;1;0;0;0;0;1;0;1;1;1;0;0
0;1;0;0;0;0;1;0;0;1;1;0;0
0;1;0;0;0;0;0;1;1;1;0;1;0
0;1;0;0;0;0;0;1;0;1;0;1;0
0;1;0;0;0;0;0;0;1;1;0;0;0
0;1;0;0;0;0;0;0;0;1;0;0;0
0;0;1;1;1;1;1;1;1;0;1;1;1
0;0;1;1;1;1;1;1;0;0;1;1;0
0;0;1;1;1;1;1;0;1;0;1;0;1
0;0;1;1;1;1;1;0;0;0;1;0;0
0;0;1;1;1;1;0;1;1;0;1;1;1
0;0;1;1;1;1;0;1;0;0;1;1;0
0;0;1;1;1;1;0;0;1;0;1;0;1
0;0;1;1;1;1;0;0;0;0;1;0;0
0;0;1;1;1;0;1;1;1;0;1;1;1
0;0;1;1;1;0;1;1;0;0;1;1;0
0;0;1;1;1;0;1;0;1;0;1;0;1
0;0;1;1;1;0;1;0;0;0;1;0;0
0;0;1;1;1;0;0;1;1;0;0;1;1
0;0;1;1;1;0;0;1;0;0;0;1;0
0;0;1;1;1;0;0;0;1;0;0;0;1
0;0;1;1;1;0;0;0;0;0;0;0;0
0;0;1;1;0;1;1;1;1;0;0;1;1
0;0;1;1;0;1;1;1;0;0;0;1;0
0;0;1;1;0;1;1;0;1;0;0;0;1
0;0;1;1;0;1;1;0;0;0;0;0;0
0;0;1;1;0;1;0;1;1;0;0;1;1
0;0;1;1;0;1;0;1;0;0;0;1;0
0;0;1;1;0;1;0;0;1;0;0;0;1
0;0;1;1;0;1;0;0;0;0;0;0;0
0;0;1;1;0;0;1;1;1;0;0;1;1
0;0;1;1;0;0;1;1;0;0;0;1;0
0;0;1;1;0;0;1;0;1;0;0;0;1
0;0;1;1;0;0;1;0;0;0;0;0;0
0;0;1;1;0;0;0;1;1;0;0;1;1
0;0;1;1;0;0;0;1;0;0;0;1;0
0;0;1;1;0;0;0;0;1;0;0;0;1
0;0;1;1;0;0;0;0;0;0;0;0;0
0;0;1;0;1;1;1;1;1;0;0;1;0
0;0;1;0;1;1;1;1;0;0;0;1;0
0;0;1;0;1;1;1;0;1;0;0;0;0
0;0;1;0;1;1;1;0;0;0;0;0;0
0;0;1;0;1;1;0;1;1;0;0;1;0
0;0;1;0;1;1;0;1;0;0;0;1;0
0;0;1;0;1;1;0;0;1;0;0;0;0
0;0;1;0;1;1;0;0;0;0;0;0;0
0;0;1;0;1;0;1;1;1;0;0;1;0
0;0;1;0;1;0;1;1;0;0;0;1;0
0;0;1;0;1;0;1;0;1;0;0;0;0
0;0;1;0;1;0;1;0;0;0;0;0;0
0;0;1;0;1;0;0;1;1;0;0;1;0
0;0;1;0;1;0;0;1;0;0;0;1;0
0;0;1;0;1;0;0;0;1;0;0;0;0
0;0;1;0;1;0;0;0;0;0;0;0;0
0;0;1;0;0;1;1;1;1;0;0;1;0
0;0;1;0;0;1;1;1;0;0;0;1;0
0;0;1;0;0;1;1;0;1;0;0;0;0
0;0;1;0;0;1;1;0;0;0;0;0;0
0;0;1;0;0;1;0;1;1;0;0;1;0
0;0;1;0;0;1;0;1;0;0;0;1;0
0;0;1;0;0;1;0;0;1;0;0;0;0
0;0;1;0;0;1;0;0;0;0;0;0;0
0;0;1;0;0;0;1;1;1;0;0;1;0
0;0;1;0;0;0;1;1;0;0;0;1;0
0;0;1;0;0;0;1;0;1;0;0;0;0
0;0;1;0;0;0;1;0;0;0;0;0;0
0;0;1;0;0;0;0;1;1;0;0;1;0
0;0;1;0;0;0;0;1;0;0;0;1;0
0;0;1;0;0;0;0;0;1;0;0;0;0
0;0;1;0;0;0;0;0;0;0;0;0;0
0;0;0;1;1;1;1;1;1;0;1;1;1
0;0;0;1;1;1;1;1;0;0;1;1;0
0;0;0;1;1;1;1;0;1;0;1;0;1
0;0;0;1;1;1;1;0;0;0;1;0;0
0;0;0;1;1;1;0;1;1;0;1;1;1
0;0;0;1;1;1;0;1;0;0;1;1;0
0;0;0;1;1;1;0;0;1;0;1;0;1
0;0;0;1;1;1;0;0;0;0;1;0;0
0;0;0;1;1;0;1;1;1;0;1;1;1
0;0;0;1;1;0;1;1;0;0;1;1;0
0;0;0;1;1;0;1;0;1;0;1;0;1
0;0;0;1;1;0;1;0;0;0;1;0;0
0;0;0;1;1;0;0;1;1;0;0;1;1
0;0;0;1;1;0;0;1;0;0;0;1;0
0;0;0;1;1;0;0;0;1;0;0;0;1
0;0;0;1;1;0;0;0;0;0;0;0;0
0;0;0;1;0;1;1;1;1;0;0;1;1
0;0;0;1;0;1;1;1;0;0;0;1;0
0;0;0;1;0;1;1;0;1;0;0;0;1
0;0;0;1;0;1;1;0;0;0;0;0;0
0;0;0;1;0;1;0;1;1;0;0;1;1
0;0;0;1;0;1;0;1;0;0;0;1;0
0;0;0;1;0;1;0;0;1;0;0;0;1
0;0;0;1;0;1;0;0;0;0;0;0;0
0;0;0;1;0;0;1;1;1;0;0;1;1
0;0;0;1;0;0;1;1;0;0;0;1;0
0;0;0;1;0;0;1;0;1;0;0;0;1
0;0;0;1;0;0;1;0;0;0;0;0;0
0;0;0;1;0;0;0;1;1;0;0;1;1
0;0;0;1;0;0;0;1;0;0;0;1;0
0;0;0;1;0;0;0;0;1;0;0;0;1
0;0;0;1;0;0;0;0;0;0;0;0;0
0;0;0;0;1;1;1;1;1;0;0;1;0
0;0;0;0;1;1;1;1;0;0;0;1;0
0;0;0;0;1;1;1;0;1;0;0;0;0
0;0;0;0;1;1;1;0;0;0;0;0;0
0;0;0;0;1;1;0;1;1;0;0;1;0
0;0;0;0;1;1;0;1;0;0;0;1;0
0;0;0;0;1;1;0;0;1;0;0;0;0
0;0;0;0;1;1;0;0;0;0;0;0;0
0;0;0;0;1;0;1;1;1;0;0;1;0
0;0;0;0;1;0;1;1;0;0;0;1;0
0;0;0;0;1;0;1;0;1;0;0;0;0
0;0;0;0;1;0;1;0;0;0;0;0;0
0;0;0;0;1;0;0;1;1;0;0;1;0
0;0;0;0;1;0;0;1;0;0;0;1;0
0;0;0;0;1;0;0;0;1;0;0;0;0
0;0;0;0;1;0;0;0;0;0;0;0;0
0;0;0;0;0;1;1;1;1;0;0;1;0
0;0;0;0;0;1;1;1;0;0;0;1;0
0;0;0;0;0;1;1;0;1;0;0;0;0
0;0;0;0;0;1;1;0;0;0;0;0;0
0;0;0;0;0;1;0;1;1;0;0;1;0
0;0;0;0;0;1;0;1;0;0;0;1;0
0;0;0;0;0;1;0;0;1;0;0;0;0
0;0;0;0;0;1;0;0;0;0;0;0;0
0;0;0;0;0;0;1;1;1;0;0;1;0
0;0;0;0;0;0;1;1;0;0;0;1;0
0;0;0;0;0;0;1;0;1;0;0;0;0
0;0;0;0;0;0;1;0;0;0;0;0;0
0;0;0;0;0;0;0;1;1;0;0;1;0
0;0;0;0;0;0;0;1;0;0;0;1;0
0;0;0;0;0;0;0;0;1;0;0;0;0
0;0;0;0;0;0;0;0;0;0;0;0;0
1.0246258;1.0820217;0.9674019;0.99675286;0.9881836;1.0382574;1.0239875;0.95193917;0.9933307;1.0;1.0;1.0;1.0
0.9981486;1.0560989;0.96261257;0.93066216;1.0818317;1.0423491;1.0682117;0.9602854;0.07215306;1.0;1.0;1.0;0.0
0.98142445;1.0466923;0.9690697;0.95911294;0.9944701;0.98008585;1.0256232;0.080995455;0.9801728;1.0;1.0;0.0;1.0
1.0564305;1.0083008;1.0669718;0.92615503;1.0244064;0.90827817;1.0223079;0.0872324;0.06418236;1.0;1.0;0.0;0.0
0.9995939;0.96118295;1.0637317;1.0206372;1.0212115;0.9418607;0.080258034;0.99608517;0.91807574;1.0;1.0;1.0;1.0
1.024344;1.004948;0.9293789;1.0346934;0.909966;0.9025755;0.07988238;1.0120711;0.070838355;1.0;1.0;1.0;0.0
1.0217549;0.92582;0.9809707;0.9880219;1.0413873;0.97615504;0.07119356;0.044078976;1.0862321;1.0;1.0;0.0;1.0
1.0653127;1.073512;1.0719098;0.95378387;0.9427781;1.0136666;0.09290058;0.008749164;0.07939824;1.0;1.0;0.0;0.0
1.0843316;1.0486987;1.0062113;0.9593331;1.0615157;0.07018879;1.0723379;1.0777497;0.9469596;1.0;1.0;1.0;1.0
1.0907476;0.9788537;1.0581702;0.97065943;0.9087584;0.023671437;0.9051462;0.9310628;0.0254138;1.0;1.0;1.0;0.0
1.0197788;0.97039706;0.9753073;0.9598467;0.96896863;0.022261262;1.0834215;0.057849;0.9395691;1.0;1.0;0.0;1.0
0.9234827;1.0138285;1.0522736;1.0405375;1.0512912;0.018583018;0.9217162;0.08143605;0.01575995;1.0;1.0;0.0;0.0
1.0283806;1.0585349;0.90102386;0.97329676;0.9476158;0.04248044;0.09413629;1.0590163;0.9265372;1.0;0.0;1.0;1.0
0.9239653;0.9941377;0.98952484;1.0260177;0.9934483;0.032912273;0.02177391;0.9992556;0.06598291;1.0;0.0;1.0;0.0
1.0930835;0.9000871;0.9468462;1.0627767;0.9324877;0.014208699;0.029985672;0.09505084;1.0861355;1.0;0.0;0.0;1.0
0.9237135;1.0643321;1.0844792;0.9643591;1.0385033;0.07665204;0.043831706;0.045938373;0.096520044;1.0;0.0;0.0;0.0
1.0393854;0.9170014;1.0029716;0.91482794;0.043131303;0.9563236;1.0441301;0.90876126;0.944701;1.0;1.0;1.0;1.0
0.9484255;1.0081784;1.0418082;1.049138;0.089181446;0.93382615;0.9811101;0.9624607;0.08438389;1.0;1.0;1.0;0.0
1.0361748;1.0915291;1.0306777;0.970504;0.03343876;1.0936708;0.90358984;0.07534373;0.9837779;1.0;1.0;0.0;1.0
0.94495064;0.9535334;0.96634483;1.0475992;0.0922785;1.0129806;1.0757627;0.06250832;0.05657773;1.0;1.0;0.0;0.0
0.98018205;1.0079615;0.9601668;1.0864738;0.075794905;0.93816876;0.018981947;1.010683;1.0645047;1.0;1.0;1.0;1.0
0.93380725;1.0669146;1.0562067;0.98434776;0.04220968;0.97887754;0.005332363;1.0258225;0.005592221;1.0;1.0;1.0;0.0
0.9254692;1.0879407;1.0612694;1.0597671;0.09740407;0.93465465;0.0365957;0.04835977;0.90056974;1.0;1.0;0.0;1.0
1.0719249;1.0763866;1.0286304;1.0078161;0.0042980076;1.0576177;0.019757897;0.04680414;0.023316115;1.0;1.0;0.0;0.0
0.9402461;1.0628481;0.97893655;1.0072759;0.041379184;0.0021666647;0.95041996;1.037107;0.98378354;1.0;1.0;1.0;1.0
1.0634683;0.91158634;0.9004378;1.0085394;0.015774596;0.06615679;0.9261452;0.96889895;0.017180448;1.0;1.0;1.0;0.0
0.91616505;0.92334855;0.98476446;0.9019222;0.06726094;0.09032599;0.98631626;0.021403063;1.0988623;1.0;1.0;0.0;1.0
1.00668;0.9841687;1.0474908;0.9582387;0.089528635;0.013925237;0.9905695;0.033110954;0.08757911;1.0;1.0;0.0;0.0
1.0580562;1.0460097;1.0370923;1.0978144;0.061615657;0.02912029;0.09541907;0.9508747;1.068196;1.0;0.0;1.0;1.0
0.9415614;1.0302045;1.0445391;0.9097882;0.0948334;0.088450685;0.05074171;1.0715852;0.094190806;1.0;0.0;1.0;0.0
0.97616404;0.9688175;0.945037;0.9865157;0.0905986;0.030573828;0.061728586;0.029384429;1.0994848;1.0;0.0;0.0;1.0
1.011823;1.0702941;0.924077;1.0781311;0.019970959;0.043628287;0.0027268827;0.08363118;0.06581921;1.0;0.0;0.0;0.0
1.0757389;1.0182195;0.9978128;0.037253756;0.9176758;1.0853164;0.93384403;1.0204312;1.0843164;1.0;1.0;1.0;0.0
1.0655729;0.9945662;0.9377936;0.0889373;0.9574632;1.0340087;1.0972964;0.9144268;0.00754413;1.0;1.0;1.0;0.0
0.9817253;1.0927215;0.9703647;0.090864964;1.0947524;0.9628973;1.0776145;0.060535114;1.0265188;1.0;1.0;0.0;0.0
0.9326391;1.0588773;1.0886711;0.05700015;0.91264004;0.9120405;1.0698235;0.072612904;0.07052632;1.0;1.0;0.0;0.0
1.0897473;1.011561;1.0164979;0.034460794;1.0070497;0.97268844;0.090365686;0.95765877;0.97574985;1.0;1.0;1.0;0.0
1.0101751;0.9105422;1.0971819;0.0013801457;1.0584737;1.0472438;0.08158189;0.9265362;0.021202147;1.0;1.0;1.0;0.0
1.0146515;0.9357212;0.9534846;0.07711482;0.99256;1.0901508;0.012845981;0.09501836;1.0275517;1.0;1.0;0.0;0.0
0.9676845;1.0240076;0.9116844;0.04452616;0.91846776;1.083252;0.07396695;0.067569315;0.08340419;1.0;1.0;0.0;0.0
1.074715;1.0340298;1.0962029;0.06306409;0.9231455;0.056440473;1.0127546;1.0968851;0.9963209;1.0;1.0;1.0;0.0
0.97164196;1.0545512;1.0064195;0.08738679;0.91685796;0.0037112774;0.9794567;0.945812;0.0666173;1.0;1.0;1.0;0.0
0.9705315;1.0879853;1.0800787;0.05673076;1.0825107;0.087666474;0.96332765;0.04877531;0.9323216;1.0;1.0;0.0;0.0
0.99503493;1.0659171;0.9209681;0.0060258987;1.0096657;0.019679232;0.99113965;0.062036067;0.056656767;1.0;1.0;0.0;0.0
1.0770041;0.91764104;0.93154085;0.012613433;0.9225238;0.045858394;0.09002904;0.9294876;1.0581706;1.0;0.0;1.0;0.0
1.0855553;1.0131664;1.0289313;0.035271138;1.0238342;0.06990447;0.07966741;0.9652261;0.052152988;1.0;0.0;1.0;0.0
1.0959381;1.0730165;0.97492135;0.010393239;1.071395;0.036255337;0.03828373;0.077759944;0.93669367;1.0;0.0;0.0;0.0
1.0156947;1.0725899;0.93837;0.024609769;1.0564679;0.005248952;0.096222624;0.08979195;0.039473392;1.0;0.0;0.0;0.0
1.0457226;1.0172203;1.0073555;0.08736834;0.03313769;0.91929173;0.9692486;0.9877134;0.99550086;1.0;1.0;1.0;0.0
1.0363914;0.9703653;0.98676676;0.059548218;0.01770708;0.9546486;1.0049825;1.0622636;0.022155792;1.0;1.0;1.0;0.0
0.99096364;0.97136354;0.94279486;0.025782872;0.043903846;0.91774935;0.92880756;0.048289783;0.9928508;1.0;1.0;0.0;0.0
0.9751885;0.91299254;1.0532379;0.024591703;0.062202252;1.0360444;0.9385828;0.0836954;0.028289462;1.0;1.0;0.0;0.0
1.0965594;1.0836327;1.013813;0.04744043;0.022800941;0.9564426;0.022454435;1.0883107;1.037695;1.0;1.0;1.0;0.0
0.91842836;0.9313566;1.0226163;0.09962516;0.0082874;0.93001354;0.03648376;0.9722486;0.077127546;1.0;1.0;1.0;0.0
0.9272958;0.93164414;0.99386257;0.0039633038;0.05537759;1.066652;0.035112496;0.060990583;1.035013;1.0;1.0;0.0;0.0
1.076793;1.0948615;1.0270455;0.06289505;0.019424988;0.95102113;0.08171077;0.032534845;0.08796402;1.0;1.0;0.0;0.0
1.0370349;0.9196943;0.9412637;0.017007506;0.077970415;0.060937274;0.949914;1.0268157;1.0034391;1.0;1.0;1.0;0.0
1.0862597;1.0243124;1.0332366;0.08408531;0.06093101;0.016784256;1.053165;1.0505329;0.07407459;1.0;1.0;1.0;0.0
1.017318;0.93256986;0.9712224;0.07188199;0.07182088;0.04436673;0.94979465;0.058248807;0.9061371;1.0;1.0;0.0;0.0
1.0460788;0.98475814;0.91283953;0.07565859;0.093198955;0.039781153;0.9933179;0.045045007;0.0033068836;1.0;1.0;0.0;0.0
0.96495587;1.0725622;1.0124176;0.05029246;0.01533286;0.046973146;0.08476223;0.9782092;0.91376686;1.0;0.0;1.0;0.0
0.9102023;0.97467697;0.96608716;0.06734655;0.051717605;0.012174887;0.018381327;1.0105532;0.0996259;1.0;0.0;1.0;0.0
1.041839;1.0733353;0.9238603;0.021653056;0.012520546;0.020544875;0.021282142;0.06560266;0.9731366;1.0;0.0;0.0;0.0
1.0951815;0.95209557;1.016566;0.043158926;0.035743605;0.09198872;0.014732373;0.07257148;0.037790872;1.0;0.0;0.0;0.0
1.0787852;0.97233295;0.08365979;0.9660191;1.0620435;1.0121069;1.0395459;1.0171769;1.0170323;1.0;1.0;1.0;1.0
0.9524694;1.0956317;0.017683787;1.0096626;0.94176215;0.9087668;1.0461586;1.0805545;0.06786493;1.0;1.0;1.0;0.0
1.0791087;1.0160393;0.05971951;1.0084933;1.0381576;0.9040566;1.022963;0.0483399;1.0517582;1.0;1.0;0.0;1.0
1.0443275;0.9931651;0.044972476;0.9421584;1.0189832;0.943054;1.0051385;0.0090739075;0.022023011;1.0;1.0;0.0;0.0
1.0085344;0.9927487;0.08021675;0.9310871;1.0933918;0.9003773;0.091396675;1.048524;0.9104934;1.0;1.0;1.0;1.0
1.0342096;1.0047714;0.046317168;0.91869384;1.0441815;0.9326866;0.07068716;1.0516955;0.020613987;1.0;1.0;1.0;0.0
0.957594;1.006585;0.038376134;1.0414956;1.0066783;1.085398;0.087849416;0.08983525;0.96572894;1.0;1.0;0.0;1.0
0.92214155;1.0073009;0.05434177;0.9611064;0.97021365;0.99978906;0.05495453;0.04061101;0.011397046;1.0;1.0;0.0;0.0
1.0606761;0.992367;0.0754662;1.0099133;1.0157185;0.051593453;0.95777667;1.0613819;0.94056344;1.0;1.0;1.0;1.0
0.9337678;1.0271002;0.07106024;0.95275307;1.0914589;0.09380775;1.0359586;0.95854455;0.035999577;1.0;1.0;1.0;0.0
0.92611694;0.91222095;0.031227458;1.061822;1.0339158;0.0032052041;0.9715389;0.097133055;1.0043374;1.0;1.0;0.0;1.0
0.979061;0.9875073;0.023299498;1.0196747;1.0164987;0.04371522;0.94499356;0.07114692;0.07773243;1.0;1.0;0.0;0.0
1.0767072;1.0231885;0.062238783;1.0557078;0.90445405;0.054130044;0.08110828;0.93368256;0.9426621;1.0;0.0;1.0;1.0
0.97723556;1.0301929;0.047660954;0.9778121;1.0238147;0.016365051;0.068359286;1.0901827;0.083826326;1.0;0.0;1.0;0.0
0.9533137;1.0735447;0.07694509;0.9085807;1.0020318;0.09417625;0.098167636;0.07870604;0.9047599;1.0;0.0;0.0;1.0
1.0442908;0.94983774;0.0018130899;1.0607148;0.9176216;0.09294878;0.068756506;0.03410826;0.05115738;1.0;0.0;0.0;0.0
0.9301051;0.9974961;0.0219683;0.9979113;0.091309085;1.0819721;0.9076034;0.95625705;0.9355052;1.0;1.0;1.0;1.0
0.98169035;1.0516486;0.08962834;1.0269716;0.023483401;0.92347497;0.92267597;0.9532799;0.09470658;1.0;1.0;1.0;0.0
1.0144644;1.0830535;0.07032181;1.0520241;0.014460022;1.0238497;0.9943745;0.020507937;0.9826574;1.0;1.0;0.0;1.0
1.0208063;0.99847555;0.02252738;1.0951922;0.094903715;1.0995249;0.9465458;0.032733288;0.083038025;1.0;1.0;0.0;0.0
1.0760475;1.0811598;0.002421391;0.93245876;0.06454304;1.0838143;0.029590135;1.0787203;0.9346112;1.0;1.0;1.0;1.0
0.9181638;0.97448987;0.025396198;0.97541463;0.08858397;1.0984614;0.039496403;0.9323608;0.05364419;1.0;1.0;1.0;0.0
0.96667546;1.0834745;0.045164745;0.9592968;0.017692316;0.9240837;0.008617902;0.011778319;0.90044117;1.0;1.0;0.0;1.0
1.0592495;0.95672584;0.027205944;0.9093723;0.08561079;0.922116;0.091887794;0.08686631;0.07951503;1.0;1.0;0.0;0.0
1.0423006;0.9743333;0.042596973;1.0563449;0.043050658;0.040920507;1.0056173;0.9395666;0.99928635;1.0;1.0;1.0;1.0
0.9108355;0.97241586;0.047822833;0.9195603;0.08405229;0.010061157;0.9279381;0.96945846;0.07753001;1.0;1.0;1.0;0.0
1.0084984;0.9608305;0.06614191;0.9707939;0.09284223;0.08917057;1.0923028;0.037965972;0.9937046;1.0;1.0;0.0;1.0
1.0870274;1.0774691;0.023828251;0.99203235;0.07527322;0.08533282;1.0198725;0.09514629;0.013908619;1.0;1.0;0.0;0.0
0.9355046;1.0959059;0.08581011;0.96956617;0.09519049;0.06815006;0.03420155;0.95276105;0.9967472;1.0;0.0;1.0;1.0
0.9418103;1.0022796;9.937645E-4;0.95991033;0.06380894;0.025813205;0.08928354;1.0663708;0.06867483;1.0;0.0;1.0;0.0
1.0879925;0.9125096;0.08105206;0.9394971;0.092519425;0.07111686;0.031934302;0.05272625;0.9784701;1.0;0.0;0.0;1.0
0.9609485;0.9070016;0.077295035;0.9140363;0.0931473;0.048600134;0.08113772;0.0095513705;0.013297021;1.0;0.0;0.0;0.0
1.0607214;1.0498416;0.015596342;0.061276734;0.95307755;0.9010802;1.0767134;0.948084;1.0585908;1.0;1.0;1.0;0.0
0.9515244;0.96046394;0.013045925;0.053702217;0.9637645;1.0815206;0.91926074;1.054497;0.025389839;1.0;1.0;1.0;0.0
1.0085359;0.9542023;0.021205014;0.057272613;0.9619061;0.9421565;1.0959476;0.009234155;0.9192986;1.0;1.0;0.0;0.0
0.9515273;1.0204506;0.016327525;0.037121948;0.9170959;0.95188427;0.97609305;0.062404867;0.053442087;1.0;1.0;0.0;0.0
0.97198915;1.0843714;4.0394167E-5;0.03795275;1.0567482;1.0199727;0.06518718;0.94783974;0.91492075;1.0;1.0;1.0;0.0
0.9369616;1.0876021;0.076437004;0.004710007;0.99574065;0.93582445;0.081284;0.94507444;0.025653511;1.0;1.0;1.0;0.0
1.0165329;0.9894598;0.041678723;0.056011327;0.98317367;0.9127194;0.03823161;0.081684075;0.9390352;1.0;1.0;0.0;0.0
0.98799807;0.9312186;0.02363177;0.040680178;1.0409454;0.9397144;0.043808807;0.039942045;0.008309454;1.0;1.0;0.0;0.0
0.9193745;1.0533484;0.099774875;0.07168466;1.0235447;0.07092314;0.96357864;1.0561271;1.0868015;1.0;1.0;1.0;0.0
0.96660894;1.0880605;0.061476048;0.0022916794;0.9235712;0.07474279;1.0301534;0.9007665;0.009544265;1.0;1.0;1.0;0.0
0.9120736;0.91736704;0.062665164;0.044983245;1.0035484;0.0010448815;0.9842032;0.07379772;1.0541857;1.0;1.0;0.0;0.0
1.0306604;1.0532792;0.004506284;0.05366501;0.95545304;0.07863846;0.97276866;0.05999252;0.023218036;1.0;1.0;0.0;0.0
0.9504905;0.97420746;0.062055465;0.018524295;1.0227368;0.018544018;0.046296753;1.0571022;1.0200078;1.0;0.0;1.0;0.0
0.94410974;1.0086477;0.01772964;0.050210208;0.9720767;0.059423562;0.061118383;1.0139171;0.0375574;1.0;0.0;1.0;0.0
1.0886909;0.97684205;7.278563E-4;0.07902826;0.9236188;0.02540381;0.07571854;0.07336659;0.9526335;1.0;0.0;0.0;0.0
0.9728247;1.0556262;0.064762466;0.018858923;0.94332594;0.026622493;0.07393792;0.0015195013;0.06985016;1.0;0.0;0.0;0.0
0.93728197;1.0026677;0.048095103;0.07145594;0.03602555;1.0746058;0.9294145;1.0343164;1.0975415;1.0;1.0;1.0;0.0
0.9683316;1.0842468;0.025732238;0.025693173;0.06555951;0.95637745;1.0750074;0.9859395;0.08824668;1.0;1.0;1.0;0.0
0.9836644;0.94894373;0.08109551;0.027893145;0.060907166;1.0599339;1.0184219;0.09497177;0.98166585;1.0;1.0;0.0;0.0
0.902568;0.92005014;0.03418208;0.07289036;0.008085585;1.0204046;0.9110135;0.026650686;0.08806816;1.0;1.0;0.0;0.0
0.950083;1.0102925;0.03567922;0.066154025;0.09887645;1.0475928;0.02969166;1.0348694;1.0795466;1.0;1.0;1.0;0.0
1.0443798;0.9023169;0.019645452;0.033396434;0.05879143;0.9405752;0.060601085;0.9964173;0.024892038;1.0;1.0;1.0;0.0
1.0156026;1.0650706;0.090993755;0.09374031;0.046666246;0.9972372;0.050232865;0.036938645;0.9842376;1.0;1.0;0.0;0.0
0.9210154;1.0294148;0.0113922;0.027221007;0.06019702;1.035884;0.04340088;0.07062544;0.016186614;1.0;1.0;0.0;0.0
1.0697433;0.9266884;0.064872816;0.060448762;0.00822264;0.022050573;0.91164434;1.0384626;0.9183923;1.0;1.0;1.0;0.0
0.93239003;1.0560787;0.043448266;0.04613158;0.05968639;0.033329394;1.0438629;1.0104122;0.042325433;1.0;1.0;1.0;0.0
1.0739455;0.90590274;0.028703839;0.09656539;0.024471719;0.045227747;1.0140194;0.01775576;0.9135843;1.0;1.0;0.0;0.0
1.0306714;1.0654098;0.050003447;0.082826346;0.09748002;0.076160125;1.0166385;0.05296538;0.033430792;1.0;1.0;0.0;0.0
1.0504881;1.0664396;0.011858642;0.06901455;0.07083329;0.0346031;0.0439665;1.0771039;0.9253191;1.0;0.0;1.0;0.0
1.0083927;0.9164478;0.092830084;0.01212464;0.05246381;0.04422415;0.05296573;0.9951424;0.08939747;1.0;0.0;1.0;0.0
1.0696033;1.0678207;0.046031114;0.09831259;0.040733356;0.08800351;0.05382314;0.009889478;1.0993723;1.0;0.0;0.0;0.0
0.96088547;0.95364517;0.09554622;0.062446445;0.018198699;0.00660165;0.009922749;0.037232906;0.03896704;1.0;0.0;0.0;0.0
0.9696289;0.06303237;1.0430142;1.0283945;0.94361776;0.9381978;0.9079573;0.94718075;1.054084;1.0;1.0;1.0;1.0
1.0008692;0.09821165;1.0860193;0.9250137;0.9659036;0.96868134;0.91904473;1.0669913;0.07049913;1.0;1.0;1.0;0.0
0.99518937;0.03873388;1.0709438;0.9894074;1.0043485;1.0291274;0.91871077;0.056765642;1.0788096;1.0;1.0;0.0;1.0
0.9797851;0.005221152;1.0181425;0.9335526;1.0791732;0.9842146;1.0630697;0.051729627;0.055050194;1.0;1.0;0.0;0.0
1.0839214;6.202997E-4;1.056396;0.94992626;1.0540699;1.0801992;0.08120601;1.0017176;0.9809067;1.0;1.0;1.0;1.0
0.9395425;0.019547647;1.0239303;0.90195525;1.0212551;1.0946503;0.052233674;0.945287;0.07830718;1.0;1.0;1.0;0.0
0.9615326;0.050791215;1.084841;0.9501148;1.0530894;0.9559689;0.093399696;0.022947533;1.0909543;1.0;1.0;0.0;1.0
1.0283911;0.069740705;0.936979;1.0374604;0.920783;0.92573774;0.035963446;0.09466843;0.004953784;1.0;1.0;0.0;0.0
1.0740077;0.023353446;1.0665516;1.0814301;1.0650871;0.012370884;1.0365089;0.9112708;0.92224956;1.0;1.0;1.0;1.0
0.9720403;0.070031404;0.99698216;1.0121689;0.9415696;0.02913109;1.084319;1.0281783;0.047107022;1.0;1.0;1.0;0.0
1.0700743;0.093250535;0.9327924;0.97578144;1.0869106;0.03146715;1.0534134;0.048135955;1.040215;1.0;1.0;0.0;1.0
1.0309435;0.06884801;1.0087897;0.9082874;0.96429044;0.05266133;0.9385078;0.049129415;0.03219409;1.0;1.0;0.0;0.0
1.003482;0.040566888;0.94676423;0.99515945;0.9188741;0.038004365;0.058909215;1.0859756;0.9525229;1.0;0.0;1.0;1.0
1.0027841;0.050967872;1.082699;0.9304109;0.96686393;0.025422275;0.046043076;1.0973647;0.054225724;1.0;0.0;1.0;0.0
1.037275;0.02465186;0.95715165;0.94690967;0.9348124;0.060819317;0.093473084;0.043882042;0.91837525;1.0;0.0;0.0;1.0
0.9923358;9.977828E-5;1.0043837;1.0885962;0.9278604;0.08732682;0.008027035;0.07793157;0.06589549;1.0;0.0;0.0;0.0
1.0373849;0.020013118;0.93262863;0.951537;0.021680016;1.0663333;0.93810993;1.0161196;0.96515757;1.0;0.0;1.0;1.0
0.9897078;0.06162985;0.97325855;0.9095287;6.079774E-6;0.9001979;0.94385296;1.0955371;0.036348116;1.0;0.0;1.0;0.0
1.098311;0.09641557;0.9122499;0.9047357;0.09425995;1.0802109;1.0723003;0.0419507;0.9871491;1.0;0.0;0.0;1.0
1.0256544;0.019478029;0.9571711;0.96802163;0.044657987;1.0740492;0.9753654;0.08021163;0.09392092;1.0;0.0;0.0;0.0
0.9432333;0.063155495;0.9088327;1.0095661;0.09193125;0.9988129;0.05885396;0.9693373;0.9029245;1.0;0.0;1.0;1.0
1.038433;1.3344895E-4;0.9427507;1.0700322;0.06457338;1.0929108;0.0034757971;0.95516044;0.071997836;1.0;0.0;1.0;0.0
0.9604331;0.039090704;0.9035292;1.0892845;0.09676986;0.94989634;0.060636282;0.032213207;0.97261536;1.0;0.0;0.0;1.0
1.0450929;0.07768817;0.9087297;1.027113;0.0011807622;1.0173256;0.052320946;0.015923513;0.06313643;1.0;0.0;0.0;0.0
0.9618293;0.013461;1.0495886;1.0849012;0.06731357;0.0044269385;1.0758001;0.9046783;1.0698556;1.0;0.0;1.0;1.0
0.9363936;0.02628035;0.99259245;1.0923415;0.053555515;0.09084683;1.0642817;1.0613211;0.08684093;1.0;0.0;1.0;0.0
0.9465349;0.054383487;0.98865724;1.0913692;0.06798782;0.003436786;0.9404066;0.07846867;1.0189933;1.0;0.0;0.0;1.0
0.9250043;0.040002245;0.92522246;0.9417173;0.033466082;0.09930598;0.9287467;0.013888639;0.0873959;1.0;0.0;0.0;0.0
0.93817693;0.014850539;0.9675404;1.0925269;0.08699459;0.07909531;0.07905995;1.0992203;1.0699049;1.0;0.0;1.0;1.0
0.95965457;0.017017264;0.9146354;0.94503695;0.09412957;0.09118608;0.047409058;0.93621;0.035770983;1.0;0.0;1.0;0.0
0.93399733;0.082340404;0.9649122;1.0858151;0.09131225;0.03328857;0.043819863;0.032804307;0.98601234;1.0;0.0;0.0;1.0
1.0886185;0.06392198;0.96676147;1.0028675;0.060195964;0.029107273;0.092216164;0.03325391;0.032355454;1.0;0.0;0.0;0.0
1.0562236;0.0029404403;0.9356208;0.030348891;0.9138914;1.0909407;1.0334462;0.90819496;0.9586086;1.0;0.0;1.0;0.0
0.94057137;0.05675928;1.0283942;0.08821332;1.0418463;0.9995253;1.038619;1.0738657;0.06838494;1.0;0.0;1.0;0.0
1.0353668;0.05658977;1.0886724;0.019378632;0.92096114;1.0151291;1.0775537;0.031657517;0.9210437;1.0;0.0;0.0;0.0
1.0270379;0.08297347;1.0267558;0.033889193;0.91199374;1.0624967;1.0156932;0.09052994;0.007751757;1.0;0.0;0.0;0.0
1.0161668;0.03105696;0.9442941;0.07415415;1.0602665;1.0376565;0.02009861;0.97039074;1.0747799;1.0;0.0;1.0;0.0
0.92081016;0.06467816;1.0597929;0.049930748;0.95467377;1.0527251;0.0563231;0.9367798;0.077007614;1.0;0.0;1.0;0.0
0.913121;0.029059863;0.9985747;0.055057835;1.0937884;1.0246427;0.06968564;0.050649464;0.9872618;1.0;0.0;0.0;0.0
0.9369535;0.060874116;1.0179898;0.048202176;0.98332286;1.0415466;0.09269901;0.036955323;0.0132008735;1.0;0.0;0.0;0.0
0.97297525;0.015756452;0.9251235;0.060017247;0.9760886;0.016295303;1.0841353;0.9449457;0.9081714;1.0;0.0;1.0;0.0
1.0941786;0.045886554;0.9970275;0.0289814;1.0301007;0.055695493;1.0835565;1.025782;0.042064305;1.0;0.0;1.0;0.0
0.92127955;0.029483689;1.0274937;0.023876315;0.9707659;0.0014078738;1.0930206;0.06112757;1.0724647;1.0;0.0;0.0;0.0
1.0215406;0.05853342;0.96165097;0.052832544;1.0632651;0.050106175;0.96872175;0.0533067;0.09107228;1.0;0.0;0.0;0.0
1.0927942;0.08952952;0.9596029;0.03112849;1.0939409;0.037779696;0.05787752;1.0083538;0.96040404;1.0;0.0;1.0;0.0
0.92687255;0.010601926;1.090947;0.076549165;1.0268464;0.04141962;0.09171431;1.0096664;0.09065551;1.0;0.0;1.0;0.0
0.9887897;0.099482656;1.0104313;0.04688957;1.012232;0.09162829;0.0026443244;0.050022926;0.98342717;1.0;0.0;0.0;0.0
1.0099375;0.005036211;1.055637;0.04270736;0.9946336;0.024682188;0.07633231;0.08574415;0.06317171;1.0;0.0;0.0;0.0
1.0901699;0.06807204;0.986698;0.074211806;0.004838288;1.098086;0.9366535;1.0219775;1.0992936;1.0;0.0;1.0;0.0
0.9277782;0.03433287;0.9981868;0.061778545;0.010944921;0.9324188;1.0208218;1.085597;0.00646013;1.0;0.0;1.0;0.0
1.0376117;0.073858805;1.0023974;0.05782147;0.070195585;0.9445799;1.0227133;0.052987304;0.99545133;1.0;0.0;0.0;0.0
1.069697;0.018689781;1.0531651;0.021304822;0.06357362;0.99579984;0.9520728;0.004653424;0.042656597;1.0;0.0;0.0;0.0
1.0442058;0.0043779495;0.9810395;0.096512765;0.016355181;0.92338645;0.04259956;1.0622773;1.0867763;1.0;0.0;1.0;0.0
1.0402589;0.06400797;0.9484187;0.040421125;0.0050394;1.0397812;0.022342509;1.0263897;0.017056216;1.0;0.0;1.0;0.0
1.0432912;0.014190311;1.0126023;0.071007945;0.07525509;0.93133533;0.038038917;0.011417079;1.0808719;1.0;0.0;0.0;0.0
1.0710933;0.099782825;0.9210843;0.035373192;0.016562462;1.0325251;0.074379176;0.040980395;0.034891557;1.0;0.0;0.0;0.0
1.0468655;0.09591495;0.99457854;0.08702057;0.09341173;0.035159625;0.97050595;1.0046324;0.9621961;1.0;0.0;1.0;0.0
0.9872229;0.05721854;1.0064728;0.09681644;0.05571578;0.09051348;0.9125197;1.0100862;0.011351687;1.0;0.0;1.0;0.0
0.9264258;0.057966907;0.9572742;0.0769545;0.04045401;0.06049326;1.0080594;0.030895604;1.0086113;1.0;0.0;0.0;0.0
0.95257676;0.037058707;1.0759196;0.0037801086;0.030414313;0.060415287;1.0687584;0.039351553;0.0354841;1.0;0.0;0.0;0.0
1.0696912;0.03775481;0.9668477;0.021980215;0.008936698;0.06493412;0.039383788;1.0840865;0.94934976;1.0;0.0;1.0;0.0
0.9450128;0.099194966;0.98969346;0.04608819;0.049154032;0.07634701;0.05990358;1.0556644;0.005927217;1.0;0.0;1.0;0.0
0.9987615;0.09245715;1.016849;0.054395724;0.04757554;0.04241089;0.09502877;0.02610457;1.0279858;1.0;0.0;0.0;0.0
1.0400704;0.0059677362;0.9606022;0.041692812;0.032832045;0.093966;0.0888639;0.09212211;0.0066446303;1.0;0.0;0.0;0.0
0.9181202;0.033768702;0.033838548;0.91176116;0.9864145;0.92719454;0.90038824;1.0576844;0.9249231;1.0;1.0;1.0;1.0
0.9886585;0.08771571;0.03752146;1.0182817;1.0111002;1.0860195;0.92877436;1.0143198;0.08813005;1.0;1.0;1.0;0.0
0.9829512;0.08102448;0.05254645;0.91498566;1.0176408;1.0677166;1.0398898;0.046493262;1.037719;1.0;1.0;0.0;1.0
0.931782;0.089267336;0.06839665;0.9589847;1.0885419;1.0154221;0.9044402;0.054775566;0.04310921;1.0;1.0;0.0;0.0
0.9889361;0.033171177;0.020862086;0.9751014;1.0054286;1.0679162;0.07829105;0.95340884;1.095563;1.0;1.0;1.0;1.0
0.9022133;0.06910188;0.028427018;1.0229304;1.0974045;1.0363283;0.05239412;1.0332403;0.079664856;1.0;1.0;1.0;0.0
1.0984105;0.0033197047;0.0341847;1.0742714;1.0630345;1.0658593;0.0969417;0.06932026;0.9125916;1.0;1.0;0.0;1.0
0.9151352;0.066132374;0.08011356;1.0981767;1.0483656;1.0722418;0.018904967;0.06209693;0.0919505;1.0;1.0;0.0;0.0
1.0750895;0.029910868;0.019233543;0.9957926;0.9831662;0.06946878;1.0555604;0.9330307;1.0046717;1.0;1.0;1.0;1.0
1.0692483;0.08634725;0.02396226;0.99138045;0.9609189;0.011666859;0.93530965;0.9966814;0.049863536;1.0;1.0;1.0;0.0
1.006544;0.07218051;0.027364297;1.0440433;0.900987;0.071208306;1.0215082;0.016815389;0.9907293;1.0;1.0;0.0;1.0
0.90073586;0.08222045;0.07943043;0.96678174;0.9704851;0.01217863;0.930245;0.09126901;0.030163622;1.0;1.0;0.0;0.0
1.0955553;0.026621355;0.015339309;0.9607642;1.0207717;0.08635587;0.06582501;0.9068362;1.0129114;1.0;0.0;1.0;1.0
1.0007802;0.028343398;0.08220559;0.97493005;1.0348833;0.095139585;0.019840062;0.99698645;0.05692978;1.0;0.0;1.0;0.0
1.0887305;0.026780916;0.061734583;1.0196705;1.0875195;0.036804624;0.056385495;0.081716724;1.0820298;1.0;0.0;0.0;1.0
1.0558193;0.029737204;0.09109395;0.9303704;0.97325134;0.0071821692;0.068042636;0.016228229;0.058464974;1.0;0.0;0.0;0.0
1.0666653;0.075541556;0.001253319;1.0996703;0.096496455;0.9603541;0.99723005;0.97072697;0.9054129;1.0;0.0;1.0;1.0
1.0824391;0.0839866;0.088515766;1.0939595;0.052680977;0.9163943;1.0483152;0.9599709;0.044369366;1.0;0.0;1.0;0.0
1.0113825;0.053841766;0.050689872;1.0118362;0.09760802;1.083038;1.0614966;0.085152246;1.0880469;1.0;0.0;0.0;1.0
0.97723114;0.037025727;0.04646297;1.0772029;0.09009863;0.9809968;0.9279757;0.062348545;0.07142935;1.0;0.0;0.0;0.0
0.9913516;0.08993983;0.030421311;0.9348066;0.07402772;0.96890754;0.043644905;0.9781076;0.9069776;1.0;0.0;1.0;1.0
1.0028481;0.04944212;0.052258253;1.0614724;0.095768;0.95095015;0.044397075;0.91564643;0.06774395;1.0;0.0;1.0;0.0
0.92659366;0.081604645;0.06671788;0.9244386;0.062143512;0.9423857;0.012960511;0.061399437;1.0436338;1.0;0.0;0.0;1.0
0.9862876;0.04650708;0.06284603;1.0292857;0.00784871;1.0431507;0.05852749;0.07300818;0.054929364;1.0;0.0;0.0;0.0
0.9845954;0.071057804;0.06055035;0.9287591;0.09239625;0.06528279;0.92556024;1.016116;1.0787624;1.0;0.0;1.0;1.0
1.0733938;0.01838634;6.223978E-4;0.95895445;0.06387936;0.030330056;1.0415196;0.94177073;0.036234736;1.0;0.0;1.0;0.0
0.9206398;0.050695945;0.01182391;0.9336813;0.06455571;0.08621425;1.0431759;0.09692641;1.0108756;1.0;0.0;0.0;1.0
0.931507;0.047901202;0.0049449443;1.0354589;0.08619745;0.08460481;1.0594976;0.0063315034;0.091465764;1.0;0.0;0.0;0.0
0.9494773;0.0077542663;0.017978359;1.0363264;8.8364497E-4;0.093478;0.02100355;0.9919776;0.9028359;1.0;0.0;1.0;1.0
0.95319366;0.048111536;0.089636065;0.951171;0.05235968;0.08736465;0.09712406;1.0596552;0.09450041;1.0;0.0;1.0;0.0
1.087949;0.046616077;0.045883294;1.0011184;0.042165358;0.037988305;0.014666385;0.0890665;1.0533112;1.0;0.0;0.0;1.0
0.99595636;0.005671084;0.09295762;1.0634115;0.068771414;0.08402291;0.07865677;0.06580938;0.012121856;1.0;0.0;0.0;0.0
0.9734191;0.0035445273;0.0804013;0.078470215;1.0172188;0.91689;1.0004028;1.0401318;0.91574585;1.0;0.0;1.0;0.0
1.0472186;0.0767853;0.06315576;0.0103517715;0.9686511;0.9326184;0.9365126;1.0221136;0.02577706;1.0;0.0;1.0;0.0
1.0916754;0.0028744878;0.033582058;0.085800506;1.0668638;0.91338784;0.9052214;0.06421303;1.0057217;1.0;0.0;0.0;0.0
1.0591564;0.04270196;0.056101676;0.07475067;1.0610509;1.0074099;0.92978376;0.08645162;0.04232323;1.0;0.0;0.0;0.0
1.0160154;0.03707331;0.017378723;0.0955519;0.98058367;0.9843543;0.0035629869;0.9253073;0.9081074;1.0;0.0;1.0;0.0
1.0789714;0.07339489;0.087338924;0.0074301544;1.0553166;1.0138984;0.09967761;0.9991374;0.09946064;1.0;0.0;1.0;0.0
1.0361944;0.08602961;0.077313215;0.03402808;1.0013481;0.94884455;0.031952657;0.045864295;1.0352427;1.0;0.0;0.0;0.0
0.93685645;0.0371824;0.04871983;0.09178362;1.0909117;0.98026305;0.09498807;0.044098474;0.03572109;1.0;0.0;0.0;0.0
0.9284813;0.09012207;0.09177358;0.059924424;0.9210231;0.09616777;1.0937638;0.95492315;0.9781737;1.0;0.0;1.0;0.0
1.0617838;0.07589112;0.06510356;0.022420997;1.014309;0.082767636;1.0323573;0.953005;0.059120227;1.0;0.0;1.0;0.0
0.99566907;0.029708153;0.09041124;0.0020252585;0.96535313;0.038628794;1.0241643;0.030289227;1.09407;1.0;0.0;0.0;0.0
0.9096855;0.038617253;0.06966927;0.05703029;1.0856389;0.083778225;0.98818344;0.014870805;0.055068385;1.0;0.0;0.0;0.0
0.9344408;0.07386944;0.01460855;0.052221503;1.0954202;0.022927428;0.09063675;0.93361187;1.0329294;1.0;0.0;1.0;0.0
0.9301963;0.018850459;0.011605269;0.07011523;0.929951;0.078794144;0.07827887;0.99787605;0.070486225;1.0;0.0;1.0;0.0
0.9800671;0.026785119;0.016410071;0.015085476;1.0429513;0.09050765;0.058898456;0.0663981;1.0701327;1.0;0.0;0.0;0.0
1.0464956;0.058121033;0.0027294816;0.05908468;0.96233547;0.054499984;0.061222084;0.049548637;0.083600804;1.0;0.0;0.0;0.0
0.9285838;0.08081286;0.030267214;0.025153995;0.06381493;1.0489264;1.0761938;0.9435158;0.9523657;1.0;0.0;1.0;0.0
0.9123686;0.0026735128;0.08100478;0.0088045;0.044561267;1.0323032;0.94889086;1.0275693;0.09770355;1.0;0.0;1.0;0.0
1.0184258;0.080440976;0.03188907;0.008955783;0.0978322;1.0671284;1.020696;0.09161449;0.9873145;1.0;0.0;0.0;0.0
1.0475259;0.08370144;0.022164285;0.024866743;0.027874244;1.0024798;0.9361055;0.04380039;0.06934982;1.0;0.0;0.0;0.0
1.0123914;0.02716021;0.016327238;0.024280787;0.020480251;0.9118763;0.04463137;1.0719012;0.94746345;1.0;0.0;1.0;0.0
0.96690106;0.0022799314;0.032838788;0.05108539;0.095702;0.91830784;0.0031249763;1.0660995;0.0030761182;1.0;0.0;1.0;0.0
0.9969919;0.01619481;0.007343465;0.052099336;0.09917787;0.9421899;0.025939172;0.07002342;0.90017843;1.0;0.0;0.0;0.0
1.0571271;0.005391288;0.052497316;0.08894806;0.07090871;1.0746397;0.03843953;0.09017829;0.04855988;1.0;0.0;0.0;0.0
1.040171;0.06654965;0.036479283;0.037602127;0.055079665;0.054790914;0.9149768;1.0747793;0.9847266;1.0;0.0;1.0;0.0
1.0267351;0.06983996;0.04716882;0.05848817;0.09486621;0.06277611;1.036079;0.97094935;0.020383447;1.0;0.0;1.0;0.0
0.98419607;0.049247652;0.07347987;9.89014E-4;0.040649485;0.01519602;0.9153437;0.061956443;1.0275584;1.0;0.0;0.0;0.0
0.959922;0.008465898;0.039358046;0.0782304;0.064477965;0.099207334;1.0591656;0.022033585;0.08992544;1.0;0.0;0.0;0.0
0.952514;0.044284552;0.021195054;0.029608518;0.035023343;0.006927383;0.014154727;1.0838763;0.91728204;1.0;0.0;1.0;0.0
0.9907179;0.06275719;0.048750084;0.048923373;0.004972571;0.02341801;0.04144735;1.0625985;0.020606434;1.0;0.0;1.0;0.0
1.0314722;0.06392383;0.07085551;0.036526766;0.011387587;0.034844574;0.045804884;0.025145054;0.97612154;1.0;0.0;0.0;0.0
0.95653725;0.09394232;0.09919059;0.021568513;0.085383765;0.069336854;0.029292464;0.011953622;0.05812378;1.0;0.0;0.0;0.0
0.017862767;0.98877877;1.0857688;1.0827192;1.0601393;0.9707744;1.0370272;1.020364;1.0764322;1.0;1.0;1.0;1.0
0.033341993;1.0495497;0.9638793;0.9728569;1.0026201;0.92262095;0.9096275;1.0181514;0.061788004;1.0;1.0;1.0;0.0
0.080666766;0.9847648;1.0915574;1.0410835;1.0977068;0.9782015;0.95546335;0.017320681;0.9527963;1.0;1.0;0.0;1.0
0.027972663;0.9242295;0.985806;1.02479;1.0066035;0.93647385;1.093825;0.018409789;0.040697593;1.0;1.0;0.0;0.0
0.07733844;0.9518873;0.970267;0.9675464;0.9010136;0.9937708;0.060779996;0.9401786;1.0099235;1.0;1.0;1.0;1.0
0.092871904;0.9707277;0.951575;1.0268253;1.0511413;1.0142759;0.05318868;1.0854925;0.018424451;1.0;1.0;1.0;0.0
0.05186479;0.9618658;0.99305993;1.0787663;1.0965928;0.930592;0.058057975;0.027549434;1.0850953;1.0;1.0;0.0;1.0
0.06738851;0.9546764;1.0163472;1.0045296;0.906109;1.0760926;0.03670467;0.07447693;0.04889235;1.0;1.0;0.0;0.0
0.07208079;1.0927259;1.0223699;1.0226531;0.90752137;0.0076220455;0.9531948;1.0365413;0.93316525;1.0;1.0;1.0;1.0
0.05495118;0.9279696;1.0332323;1.0943215;0.95226157;0.08705499;1.0585805;0.939622;0.04465834;1.0;1.0;1.0;0.0
0.09839711;0.96558475;0.93766904;0.9078418;0.9323209;0.04673056;0.9184153;0.0691194;0.9387599;1.0;1.0;0.0;1.0
0.06197712;1.0412455;0.9025211;1.0761176;0.952212;0.029170467;1.0024612;0.06422164;0.004467148;1.0;1.0;0.0;0.0
0.008684605;1.0092669;1.0341405;0.97400856;1.0090486;0.050263286;0.061101403;1.092235;0.99987227;1.0;0.0;1.0;1.0
0.01419695;1.0079136;0.9600245;0.94205093;1.0106244;0.026392067;0.08180867;1.0711833;0.06839943;1.0;0.0;1.0;0.0
0.08265008;1.0262265;0.9799806;1.0844786;1.0906799;0.054110885;0.09572029;0.008363766;1.04965;1.0;0.0;0.0;1.0
0.01755162;0.95899075;1.052558;1.0769935;0.9704958;0.06807452;0.09270258;0.022084206;0.042558897;1.0;0.0;0.0;0.0
0.054704096;1.0809238;1.0267941;0.91597223;0.053269602;0.9124205;0.9516432;1.0163893;0.90349555;1.0;1.0;1.0;1.0
0.042812563;1.0487365;1.0775937;0.9670744;0.07363296;1.0635105;1.0994462;0.973522;0.069360375;1.0;1.0;1.0;0.0
0.09463461;0.95113254;1.0100396;1.0580677;0.059073497;0.9242629;0.92880106;0.06321534;1.0900218;1.0;1.0;0.0;1.0
0.05675105;0.9864429;0.9327556;1.0245119;0.083953924;0.9888204;0.9907313;0.08359974;0.070244655;1.0;1.0;0.0;0.0
3.557802E-4;0.9029415;0.97103626;0.98921883;0.0729141;1.0221932;0.01686505;1.0584422;1.0458055;1.0;1.0;1.0;1.0
0.093278244;0.9747317;1.0920202;1.034472;0.017192645;1.030267;0.012228638;1.0082698;0.016644139;1.0;1.0;1.0;0.0
0.0779342;0.96360856;1.0469183;0.96586406;0.058305632;0.9439936;0.054998714;0.054511692;0.90258366;1.0;1.0;0.0;1.0
0.024453694;0.92716324;1.047238;0.9452455;0.024670273;1.0031049;0.0487699;0.029112656;0.035940897;1.0;1.0;0.0;0.0
0.09018462;1.0766846;1.0751501;0.9872328;0.03638792;0.056630023;0.9238746;1.071666;0.92286116;1.0;1.0;1.0;1.0
0.04952615;0.9504975;0.96770394;0.95394105;0.07420053;0.08998217;0.9771953;0.92316633;0.09881561;1.0;1.0;1.0;0.0
0.04970735;1.0069492;0.9330288;0.9924093;0.0092642605;0.07344968;1.0926548;0.092611395;1.0513815;1.0;1.0;0.0;1.0
0.02887162;1.0854249;1.0899563;1.027697;0.03953873;0.01991843;1.030553;0.010248417;0.054838117;1.0;1.0;0.0;0.0
0.045990195;0.9611174;0.98531044;0.91691905;0.06208337;0.021430826;0.09743515;0.92043215;0.9895925;1.0;0.0;1.0;1.0
0.009614778;0.9798322;1.055862;1.081357;0.007913691;0.08945407;0.03396833;1.0360829;0.07565834;1.0;0.0;1.0;0.0
0.0410888;1.0909115;1.0564309;0.9227028;0.09089256;0.06575859;0.026723666;0.022055745;1.0075002;1.0;0.0;0.0;1.0
0.017189933;0.9829233;0.90487057;0.9773696;0.05815803;0.0811336;0.06641882;0.0025684715;0.024540419;1.0;0.0;0.0;0.0
0.05184911;1.0031928;1.0081867;0.040685333;1.0865628;0.9019615;1.0335234;0.97724766;1.0278391;1.0;1.0;1.0;0.0
0.0057623386;1.0138254;0.9552874;0.07586933;1.010826;1.0040625;1.0901315;1.0103664;0.09054685;1.0;1.0;1.0;0.0
0.027315771;1.0714283;0.96430147;0.09356489;1.0965729;0.94772255;1.033189;0.0436652;0.90170974;1.0;1.0;0.0;0.0
0.02871992;1.0098696;1.0396361;0.07610588;0.9083614;0.93862635;1.0759068;0.02660119;0.022399902;1.0;1.0;0.0;0.0
0.0083588185;0.9647344;1.0673735;0.0292251;1.0059221;1.006139;0.0892654;0.9496046;1.0028898;1.0;1.0;1.0;0.0
0.09389688;1.0313809;0.9841901;0.08456988;1.0728385;0.90569067;0.06339997;0.9248282;0.0853695;1.0;1.0;1.0;0.0
0.09809849;0.90546864;0.9865166;0.017548312;0.9398576;0.91594946;0.09537091;0.02873894;1.0246599;1.0;1.0;0.0;0.0
0.07449405;1.0881665;0.98839045;0.042025007;1.0445881;1.0339214;0.03319777;0.0016006114;0.08416396;1.0;1.0;0.0;0.0
0.07154707;0.94238675;1.0090451;0.04910369;0.96527135;0.039992243;0.9546621;1.0528553;0.9513;1.0;1.0;1.0;0.0
0.023093402;1.0982499;1.0415146;0.07256116;0.9766433;0.09027391;0.9902764;1.0983049;0.023654336;1.0;1.0;1.0;0.0
0.03245724;0.94533724;0.9934321;0.046252716;1.0581509;0.094138496;0.99782944;0.062111616;1.0651163;1.0;1.0;0.0;0.0
0.0938349;0.9424247;1.0035491;0.034903567;1.0308706;0.053215194;0.9067554;0.047858547;0.023262978;1.0;1.0;0.0;0.0
0.049997635;0.9175675;0.9036269;0.01144166;1.0052353;0.020950247;0.010811371;0.93917453;1.0487386;1.0;0.0;1.0;0.0
4.5464645E-4;0.96789944;1.0417165;0.069207616;0.9351047;0.020201331;0.019496579;0.9073317;0.08693441;1.0;0.0;1.0;0.0
0.049368568;0.9485808;1.0195298;0.08150826;1.0890332;0.021712346;0.0370447;0.047842424;1.032603;1.0;0.0;0.0;0.0
0.047290284;0.9114082;1.0588651;0.0075284066;1.0380847;0.07414339;0.056230094;0.0069077136;0.012663907;1.0;0.0;0.0;0.0
0.09886252;1.016215;0.9744998;0.041125383;0.038166434;1.0150459;0.9395864;1.0957057;0.9465363;1.0;1.0;1.0;0.0
0.08840416;1.097556;0.91596895;0.07565021;0.041372247;1.0350091;0.98550004;1.0450685;0.03821088;1.0;1.0;1.0;0.0
0.0889684;0.9344242;1.0330076;0.045981944;0.02108571;0.9770432;1.014202;0.023477305;0.9001705;1.0;1.0;0.0;0.0
0.03633759;0.92214257;0.9610918;0.094299935;0.08122271;0.9013384;0.92271835;0.06169733;0.052163493;1.0;1.0;0.0;0.0
0.08997616;1.0863906;0.9464444;0.06966899;0.009077996;0.9315615;0.061837245;0.95786434;0.9526992;1.0;1.0;1.0;0.0
0.06065693;1.0267942;1.0414704;0.07248923;0.09366276;0.9853798;0.06310605;1.0852183;0.052373882;1.0;1.0;1.0;0.0
0.086237036;0.91481256;0.9554075;0.08205103;0.061629053;1.0776016;0.09688211;0.019207925;0.92757565;1.0;1.0;0.0;0.0
0.011060792;0.99611676;0.981583;0.08533711;0.08307612;0.93171436;0.012057269;0.073430985;0.06785171;1.0;1.0;0.0;0.0
0.07288093;1.0660336;1.0251024;0.082949094;0.06491511;0.0295635;0.9571043;0.9733765;0.91375875;1.0;1.0;1.0;0.0
0.052076418;1.0971227;0.9074243;0.0033895373;0.031392526;0.043798145;1.0016193;0.9592385;0.0297593;1.0;1.0;1.0;0.0
0.010442865;0.9336177;0.94873285;0.06914704;0.016276365;0.09604631;0.98186755;0.010092527;0.9374755;1.0;1.0;0.0;0.0
0.009973365;1.0721041;1.052588;0.012597072;0.04816833;0.02120216;1.0842862;0.09738236;0.047702383;1.0;1.0;0.0;0.0
0.066211104;1.0492659;1.0947154;0.022934569;0.024567265;0.029236495;0.033541687;1.0043031;0.9825382;1.0;0.0;1.0;0.0
0.080423616;0.9499627;1.0344486;0.09928322;0.07090647;0.06828375;0.09420132;1.0766034;0.060335554;1.0;0.0;1.0;0.0
0.041892715;0.9802481;1.0416107;0.01731128;0.0961827;0.009516758;0.07931363;0.033913143;0.9610824;1.0;0.0;0.0;0.0
0.09261684;0.9675323;0.9892883;0.056390222;0.0667788;0.05313457;0.06688707;0.04238806;0.005771941;1.0;0.0;0.0;0.0
0.08532175;0.93181515;0.010934258;0.9924227;0.9782778;0.9741363;0.99579597;1.071838;1.0052296;1.0;1.0;1.0;1.0
0.010144765;0.9876135;0.037329376;1.0072485;0.9031061;1.0185167;0.9408194;1.063239;0.018373692;1.0;1.0;1.0;0.0
0.009508133;1.0677491;0.0035573423;1.0971363;1.0301509;1.087962;1.0893072;0.019097948;0.9196862;1.0;1.0;0.0;1.0
0.028265595;1.0095423;0.082663104;1.0321925;0.97149974;0.95528775;0.9087813;0.021451747;0.059791543;1.0;1.0;0.0;0.0
0.048112333;1.048347;0.062637456;0.919049;1.062249;0.9281127;0.06966773;0.96187943;0.94835734;1.0;1.0;1.0;1.0
0.05019167;1.0382708;0.09168599;1.0962714;0.98493606;0.9587168;0.02641433;0.93725586;0.039379116;1.0;1.0;1.0;0.0
0.05269889;0.92813617;0.09994088;1.0937951;0.92525065;1.0567214;0.06444163;0.040729653;0.94346976;1.0;1.0;0.0;1.0
0.025813526;0.9477453;0.028544873;0.9211581;1.051156;0.9560258;0.001873547;0.05350696;0.0699295;1.0;1.0;0.0;0.0
0.08573707;1.0004774;0.081864;0.9594096;1.0074805;0.0829429;1.0142119;1.0488464;1.0566127;1.0;1.0;1.0;1.0
0.09966545;1.0702221;0.09705848;1.0555645;1.0328592;0.06657714;1.0794758;1.0136315;0.010385031;1.0;1.0;1.0;0.0
0.0731452;1.0622854;0.01775599;1.0948815;1.0048095;0.049302697;1.0048566;0.0037948191;1.0845194;1.0;1.0;0.0;1.0
0.057028472;1.047864;0.03199584;0.9816755;0.933981;0.022021128;1.0711813;0.051681258;0.09561132;1.0;1.0;0.0;0.0
0.02375117;0.98046833;0.04498728;1.0085293;1.0593288;0.023776341;0.021732831;1.0910373;1.0734079;1.0;0.0;1.0;1.0
0.01169982;0.9958024;0.07433107;0.9117261;1.0579501;0.0064761876;0.083604716;1.0009166;0.0054755094;1.0;0.0;1.0;0.0
0.08232845;0.91943544;0.01839149;0.9107099;1.0718402;0.07389573;0.0015285016;0.046332516;0.92712134;1.0;0.0;0.0;1.0
0.05055524;1.0423366;0.03741611;0.90346336;1.0531979;0.019303108;0.055317856;0.023558497;0.092798725;1.0;0.0;0.0;0.0
0.048779126;1.0483598;0.0022809326;1.0111315;0.022867233;0.9425202;0.9396206;0.905097;1.0436207;1.0;1.0;1.0;1.0
0.08110449;0.9749518;0.03243363;0.9504849;0.07254409;0.90611327;0.96179116;0.9422324;0.00923223;1.0;1.0;1.0;0.0
0.03599242;1.0818623;0.08862872;1.0953707;0.07233911;1.0860847;0.9117893;0.006842822;1.0580237;1.0;1.0;0.0;1.0
0.06848757;0.99057883;0.053778302;1.0805647;0.038097944;0.91319597;0.9675772;0.02964173;0.049812283;1.0;1.0;0.0;0.0
0.038540263;0.9899151;0.009779674;0.96067727;0.035670824;0.934782;0.05649258;1.0924994;1.0686573;1.0;1.0;1.0;1.0
0.050270636;0.9077597;0.03597882;0.9763578;0.088422544;0.99821746;0.01678793;1.040798;0.012541301;1.0;1.0;1.0;0.0
0.09746235;1.0476371;0.02597469;1.0601269;0.03333953;0.9864326;0.06638982;0.024323715;1.0316746;1.0;1.0;0.0;1.0
4.4329176E-4;0.9710377;0.04999202;0.9580968;9.902717E-4;0.9701826;0.035485655;0.0053924443;0.07359462;1.0;1.0;0.0;0.0
0.037278183;1.098556;0.00680725;0.91097325;0.060924113;0.010552454;1.0621214;0.9457402;0.9841805;1.0;1.0;1.0;1.0
0.01493243;0.9169987;0.03378237;1.0855027;0.09773943;0.028451592;1.00636;0.9346177;0.082065746;1.0;1.0;1.0;0.0
0.012976551;1.0291922;0.09885918;1.0878936;0.016929274;0.08649676;1.0140879;0.08965524;1.0873563;1.0;1.0;0.0;1.0
0.009665841;1.0842313;0.0019232573;1.0410407;0.02274297;0.09245381;0.95931655;0.0035934926;0.08525024;1.0;1.0;0.0;0.0
0.019360233;0.9375134;0.048858978;0.91573536;0.06030042;0.069820605;0.06284098;1.0204374;1.0022589;1.0;0.0;1.0;1.0
0.029565299;0.957691;0.04427703;1.0998623;0.08493308;0.077548444;0.09993659;0.9575537;0.07570437;1.0;0.0;1.0;0.0
0.07290616;1.0823125;0.096668385;1.0938836;0.0368837;0.019366706;0.05058769;0.036124676;0.958768;1.0;0.0;0.0;1.0
0.08208591;0.955912;0.098206125;1.0650463;0.06917036;0.08040273;0.02685842;0.09238179;0.05567776;1.0;0.0;0.0;0.0
0.06731924;1.0427475;0.039876122;0.052724715;1.0159878;0.91687053;0.9980605;0.9695298;1.0877702;1.0;1.0;1.0;0.0
0.0119332615;1.0450193;0.08321982;0.084013544;0.9287295;1.0472422;1.0588328;0.90491337;0.016100222;1.0;1.0;1.0;0.0
0.086250335;1.0035889;0.014717174;0.09164231;0.93841714;1.0290649;0.9226549;6.729306E-4;1.0840373;1.0;1.0;0.0;0.0
0.066472314;1.0054502;0.028979808;0.0338915;1.012224;0.99331516;0.92707914;0.009998458;0.001846558;1.0;1.0;0.0;0.0
0.06284389;0.9030115;0.06653174;0.047648307;0.9918083;0.9688624;0.010642516;0.96144676;1.0466373;1.0;1.0;1.0;0.0
0.02727865;1.0623835;0.009890974;0.04107675;1.0910945;1.016188;0.0044165137;0.9961126;0.0975404;1.0;1.0;1.0;0.0
0.06551585;0.9924967;0.012251866;0.03061722;1.0132221;1.0963142;0.0678028;0.009258402;1.0457056;1.0;1.0;0.0;0.0
0.022922695;0.9214593;0.035368234;0.08258694;1.053553;0.9166727;0.08569931;0.05212268;0.05761692;1.0;1.0;0.0;0.0
0.08150893;1.0882909;0.048842978;0.022133095;1.0320382;0.010976309;1.0040734;1.0673236;1.0692554;1.0;1.0;1.0;0.0
0.0077562868;1.0076649;0.071953475;0.09034149;0.91437286;0.076739974;0.98917365;1.0420567;0.066482954;1.0;1.0;1.0;0.0
0.021015113;1.0365486;0.0051699816;0.057367157;0.98245394;0.079433136;0.9389989;0.016929943;1.0824026;1.0;1.0;0.0;0.0
0.048607517;1.0817682;0.023728801;0.05904756;1.0119914;0.05304159;0.93296015;0.03200254;0.02383696;1.0;1.0;0.0;0.0
0.050516862;1.0860654;0.015722698;0.09749409;1.0709043;0.096003346;0.031362515;1.0245808;0.9998644;1.0;0.0;1.0;0.0
0.026331956;0.99370956;0.036924064;0.0064050793;1.0341738;0.08875843;0.05333025;0.92596686;0.012464792;1.0;0.0;1.0;0.0
0.06618909;0.99954563;0.02638098;0.029077966;1.0562171;0.028427852;1.3675701E-4;0.06174795;1.0313444;1.0;0.0;0.0;0.0
0.08593014;1.0779054;0.053877193;0.08167308;0.92753744;0.091211334;0.08077242;0.03510654;0.046375412;1.0;0.0;0.0;0.0
0.02547412;0.96300584;0.07190252;0.08159252;0.06549906;1.0972694;1.0211548;0.9077693;1.0467296;1.0;1.0;1.0;0.0
0.01918959;0.9736255;0.018967712;0.022478139;0.077853315;1.0028065;1.0579869;0.9278974;0.023703909;1.0;1.0;1.0;0.0
0.017971737;0.95543474;0.04183318;0.018726707;0.09526875;0.90400064;0.9619674;0.061849248;0.9819467;1.0;1.0;0.0;0.0
0.080715135;1.0577539;0.039118063;0.025952762;0.0052334787;0.975984;1.0372341;0.09403708;0.010010702;1.0;1.0;0.0;0.0
0.02460323;0.9115775;0.083106495;0.05360458;0.06262836;1.0049913;0.041568357;0.9863924;1.0851651;1.0;1.0;1.0;0.0
0.012244457;0.9434649;0.09945512;0.025645345;0.08511962;1.0761958;0.0084927445;1.0790441;0.02455836;1.0;1.0;1.0;0.0
0.034467142;1.0712923;0.04115019;0.018476535;0.06628576;1.0684714;0.055353552;0.045252156;0.9678236;1.0;1.0;0.0;0.0
0.083781324;0.9146973;0.013475919;0.07727333;0.036480706;0.91187495;0.08326286;0.031894196;0.09802447;1.0;1.0;0.0;0.0
0.018113328;1.0842291;0.08937997;0.077978194;0.07785431;0.007722503;0.97916496;0.9256271;1.0945603;1.0;1.0;1.0;0.0
0.068299145;0.9274202;0.017465198;0.00662393;0.037320096;0.00450992;1.0493714;0.9770127;0.0032001317;1.0;1.0;1.0;0.0
0.051468205;1.0206535;0.0027384758;0.062333215;0.0422569;0.07509514;0.98558486;0.08408744;0.95277244;1.0;1.0;0.0;0.0
0.029570187;0.93074095;0.06817991;0.039515074;0.07165339;3.7282714E-4;1.0204548;0.058956843;0.095619835;1.0;1.0;0.0;0.0
0.020754749;1.0082275;0.013540059;0.059652563;0.09477004;0.03937563;0.0028733492;0.91449404;0.9744241;1.0;0.0;1.0;0.0
0.016716052;0.99506265;0.029995566;0.091506526;0.0479951;0.007449174;0.018365389;0.958811;0.04367401;1.0;0.0;1.0;0.0
0.075536065;1.0695002;0.06006677;0.08556804;0.039452013;0.06488769;0.02116931;0.04773723;1.0070529;1.0;0.0;0.0;0.0
0.0032788634;0.9186928;0.019519104;0.074531324;0.05216051;0.07070126;0.080519155;0.06358845;0.03284895;1.0;0.0;0.0;0.0
0.08308887;0.04494938;0.91927993;1.0078032;1.0080808;0.98021233;1.0123141;0.9914249;0.97722006;0.0;1.0;1.0;1.0
0.06552858;0.05964722;1.0370646;1.0945953;0.94015884;1.0922606;1.0136095;1.0615525;0.004929632;0.0;1.0;1.0;0.0
0.03288097;0.029810017;0.93971795;0.97142893;0.9511807;0.9369798;0.95512116;0.03828575;1.0982709;0.0;1.0;0.0;1.0
0.062005598;0.046220955;1.0976951;1.0399834;1.0825282;1.0963914;1.0051271;0.041833736;0.051364053;0.0;1.0;0.0;0.0
0.02335151;0.09668666;1.0322894;1.0851947;1.0184201;0.9082521;0.09213522;0.9482303;0.9555313;0.0;1.0;1.0;1.0
0.07827558;0.085783236;1.0886132;1.0497146;1.0924336;1.0326251;0.0549919;1.0430914;0.09256367;0.0;1.0;1.0;0.0
0.04255637;0.07929402;0.9521362;0.9998404;1.064349;1.0491023;0.075694144;0.046379805;0.92017746;0.0;1.0;0.0;1.0
0.09586836;0.028257376;1.052845;1.0208371;1.0355908;1.0672356;0.090348095;0.042945534;0.022120386;0.0;1.0;0.0;0.0
0.07915302;0.077449925;1.004023;1.0836879;1.0863603;0.080980666;1.0305192;1.0041772;0.94061786;0.0;1.0;1.0;1.0
0.09321634;0.0336331;1.0919611;0.90840715;0.9028444;0.067586295;1.0680193;0.97935224;0.01736315;0.0;1.0;1.0;0.0
0.022643799;0.08319759;0.91201043;0.9898541;1.092701;0.024671609;1.0427486;0.08731921;1.033631;0.0;1.0;0.0;1.0
0.041390117;0.0766286;0.9186672;1.0598692;1.0577626;0.050876707;0.95820963;0.07042574;0.09262434;0.0;1.0;0.0;0.0
0.06605505;0.0027676702;0.9666123;0.92302567;1.0591938;0.096674465;0.069623515;1.0897409;0.9002954;0.0;0.0;1.0;1.0
0.015217292;0.07160356;0.9156601;1.0051011;0.9938896;0.058572333;0.0896798;1.0535722;0.015596598;0.0;0.0;1.0;0.0
0.07004849;0.0923507;0.9856457;1.0602982;0.92054355;0.03507206;0.02487824;0.041398715;0.9914044;0.0;0.0;0.0;1.0
0.045779176;0.07496511;1.0413628;0.915915;1.0354762;0.0094501255;0.08429078;0.07868432;0.07021611;0.0;0.0;0.0;0.0
0.03178651;0.04500878;1.0473074;1.0016458;0.09800919;0.9357848;1.0126905;1.0846945;0.97972715;0.0;0.0;1.0;1.0
0.07728361;0.025094926;0.9336314;0.9427641;0.0062312484;0.9771039;0.9743494;0.9269056;0.02628885;0.0;0.0;1.0;0.0
0.06996199;0.07846139;0.96205014;1.0584757;0.029984677;0.93307716;0.95946604;0.007783824;0.9994996;0.0;0.0;0.0;1.0
0.0016261579;0.08051981;1.039417;1.0710555;0.086716734;1.0957044;0.9447013;0.06478792;0.08431649;0.0;0.0;0.0;0.0
0.02206046;0.08640672;1.0273266;0.943257;0.09857193;0.90115833;0.012199992;1.0637758;0.91803324;0.0;0.0;1.0;1.0
0.08716726;0.05611222;1.0908843;1.0016161;0.03899249;1.034131;0.07841183;1.0439132;0.09286205;0.0;0.0;1.0;0.0
0.023801083;0.08777837;0.90805507;0.94703865;0.0021088899;0.9422156;0.023836518;0.06721144;1.0667173;0.0;0.0;0.0;1.0
0.0053272666;0.018330485;0.928112;1.0737357;0.094892606;1.0602287;0.0997886;0.09938826;0.085927956;0.0;0.0;0.0;0.0
0.063118465;0.07888447;1.0271697;0.99734306;0.07235432;0.054194152;1.0963521;1.031469;0.9358873;0.0;0.0;1.0;1.0
0.029880082;0.08492445;1.0788634;0.9250164;0.05476836;0.06926059;0.91957307;0.99782246;0.09157505;0.0;0.0;1.0;0.0
0.01957723;0.045785874;1.0836726;1.0528084;0.010627538;0.012199885;1.0440632;0.012157279;0.9303357;0.0;0.0;0.0;1.0
0.060148686;0.0045111417;0.91798174;1.0995653;0.052694168;0.05288381;1.0035709;0.04382193;0.05823068;0.0;0.0;0.0;0.0
0.031972624;0.07674046;1.0668714;1.0458257;0.040078033;0.075917445;0.044793546;0.9866925;1.0827417;0.0;0.0;1.0;1.0
0.062383838;0.0077556134;0.99878246;0.9664791;0.04962417;0.042500503;0.00846234;0.99544984;0.08987191;0.0;0.0;1.0;0.0
0.03540067;0.026550174;0.9653167;1.0761154;0.007054448;0.04583893;0.09611284;0.091541715;1.0139207;0.0;0.0;0.0;1.0
0.05646019;0.017078036;1.0578371;0.91989195;0.07996477;0.009537393;0.02569598;0.014198161;4.4791112E-4;0.0;0.0;0.0;0.0
0.027610993;0.09915369;1.0915827;0.029395133;0.96479213;0.9045888;0.98173064;0.92225766;1.0495028;0.0;0.0;1.0;0.0
0.017693972;0.08385395;0.9177079;0.050506946;0.97609985;1.0744243;0.9588122;0.95203984;0.07678714;0.0;0.0;1.0;0.0
0.08914886;0.05425751;0.9085044;0.098193616;1.0833195;0.9495886;1.0325357;0.028285772;1.0386901;0.0;0.0;0.0;0.0
0.023238314;0.08604701;1.0677874;0.025503892;1.0999951;0.9283091;0.9361114;0.079255216;0.025248766;0.0;0.0;0.0;0.0
0.041263122;0.051781923;1.0027792;0.092562035;1.0079434;0.9564891;0.09980073;1.0203524;1.0827391;0.0;0.0;1.0;0.0
0.03415935;0.03709367;0.9474248;0.07247643;1.0409042;0.9285545;0.058263298;0.9420979;0.03183308;0.0;0.0;1.0;0.0
0.026094735;0.09680493;0.99406904;0.09571;1.0339394;0.91303766;0.09241576;0.030032873;1.0767943;0.0;0.0;0.0;0.0
0.035031687;0.025936663;0.9176219;0.071765125;1.0225809;1.0342164;0.09072057;0.09257496;0.0140299145;0.0;0.0;0.0;0.0
0.058443215;0.012725878;0.952073;0.04073852;1.0334727;0.08988585;0.9915909;1.010077;0.9682412;0.0;0.0;1.0;0.0
0.07901307;5.3706777E-4;1.0821857;0.015647465;1.0606987;0.04792076;0.9375905;1.0414963;0.07989249;0.0;0.0;1.0;0.0
0.054408163;0.05078545;1.0216901;0.07756247;0.9687967;0.08298551;0.9141266;0.070397444;0.92275226;0.0;0.0;0.0;0.0
0.070975654;0.019050932;0.90544415;0.02645765;1.0552847;0.06358663;0.9136159;0.010065085;0.07402608;0.0;0.0;0.0;0.0
0.03571692;0.018909205;0.9071858;0.07095026;0.93171227;0.012041802;0.08321931;0.9476278;1.081152;0.0;0.0;1.0;0.0
0.070932314;0.04182219;0.9170847;0.087768525;0.9445351;0.0020547986;0.07833958;0.9164384;0.022362476;0.0;0.0;1.0;0.0
0.014162785;0.018800074;0.91433895;0.054852422;1.0081501;0.05567942;0.03476208;0.07463592;1.0536045;0.0;0.0;0.0;0.0
0.046510827;0.05710711;0.90505755;0.054192364;0.9590909;0.029323805;0.0014084579;0.019673944;0.021276241;0.0;0.0;0.0;0.0
0.061220147;0.07486784;0.916181;0.017445916;0.019880509;0.9353659;1.0037131;0.90547836;0.9179609;0.0;0.0;1.0;0.0
0.07707209;0.09839902;0.97721434;0.039702516;0.021917975;1.0484476;1.0208493;0.94638145;4.8046716E-4;0.0;0.0;1.0;0.0
0.043364096;0.04539993;0.9129175;0.05098867;0.0060420334;0.9772793;0.9611534;0.0652964;0.95178825;0.0;0.0;0.0;0.0
0.01299237;0.014751595;0.9517477;0.041123904;0.068985075;1.0873765;1.044755;0.037737634;0.013921392;0.0;0.0;0.0;0.0
0.014364749;0.04184268;0.97101635;0.020694787;0.049088586;1.0678585;0.055883717;0.9886669;1.0898708;0.0;0.0;1.0;0.0
0.03691966;0.010449499;1.0666502;0.028999293;0.08144367;1.0950243;0.005517602;0.9383912;0.067243956;0.0;0.0;1.0;0.0
0.088077545;0.06942892;0.9546299;0.043511476;0.09681272;0.9370551;0.0937122;0.016538912;0.98071486;0.0;0.0;0.0;0.0
0.013218976;0.083612375;1.0726467;0.0693551;0.08728649;1.0662196;0.0053774896;0.088026725;0.08777546;0.0;0.0;0.0;0.0
0.019986719;0.09010634;1.0959585;0.032794345;0.08000422;0.02179634;0.90402853;1.0229951;0.90617603;0.0;0.0;1.0;0.0
0.057141643;0.05007654;0.90402526;0.0837053;0.04630233;0.079743795;1.0889904;0.92976296;0.04836483;0.0;0.0;1.0;0.0
0.023870165;0.015259392;1.0055072;0.046535384;0.07003542;0.0947931;0.96147656;0.045117486;1.0294372;0.0;0.0;0.0;0.0
0.04841074;0.05388183;0.9539379;8.57556E-4;0.098509006;0.06628996;0.93255925;0.06771397;0.088988006;0.0;0.0;0.0;0.0
0.020540966;0.05751297;0.9471772;0.010955423;0.029290974;0.011873215;0.077697515;1.0516696;0.95283884;0.0;0.0;1.0;0.0
0.053091075;0.06726115;1.0979463;0.09133273;0.014187646;0.091944195;0.06616132;1.098631;0.038633633;0.0;0.0;1.0;0.0
0.06483417;0.09349077;1.0734445;0.030602772;0.0585498;0.0647147;0.010951144;0.01456055;0.9394672;0.0;0.0;0.0;0.0
0.08396032;0.06278313;1.0252035;0.06939575;0.007252568;0.046485245;0.048755538;0.015965313;0.023174042;0.0;0.0;0.0;0.0
0.0409404;0.024127746;0.094038635;1.0657645;1.0639107;0.9581301;1.0001156;0.926564;0.9955572;0.0;1.0;1.0;1.0
0.019569432;0.046196677;0.0060428204;1.0886135;1.0575433;1.0286425;0.95789284;1.0551906;0.086153716;0.0;1.0;1.0;0.0
0.09179786;0.09594998;0.049797505;1.075377;0.94092697;1.071177;0.94826347;0.02564764;1.0345122;0.0;1.0;0.0;1.0
0.026186902;0.070251234;0.028027577;1.0401567;0.9732786;0.9891739;0.93837845;0.009871691;0.081720345;0.0;1.0;0.0;0.0
0.038882434;0.094969325;0.009609568;1.0452349;0.90151215;0.93771833;0.03356264;0.99135476;0.96134114;0.0;1.0;1.0;1.0
0.09588512;0.02971276;0.015530193;1.0490364;1.0506471;0.9247782;0.09249782;0.95706964;0.06447067;0.0;1.0;1.0;0.0
0.08928626;0.07299995;0.04798111;0.9307533;0.9805814;0.91027856;0.0361178;0.044522364;0.90326965;0.0;1.0;0.0;1.0
0.017590553;0.051420886;0.018270332;1.0802966;0.9074811;0.9898333;0.03100912;0.053634044;0.084687956;0.0;1.0;0.0;0.0
0.09306697;0.026087672;0.049530234;1.0141554;1.0622796;0.06546147;0.99262094;0.92784685;0.95603514;0.0;1.0;1.0;1.0
0.06684049;0.021034552;0.035189953;1.0697513;0.9292862;0.09722777;0.91426605;1.0147593;0.09842771;0.0;1.0;1.0;0.0
0.060724754;0.09386613;0.06138136;1.083262;1.0555203;0.07313348;1.0452461;0.04207642;1.0796447;0.0;1.0;0.0;1.0
0.086100176;0.031589396;0.037807424;1.0801523;0.9621221;0.08038659;1.0151204;0.08922909;0.030137802;0.0;1.0;0.0;0.0
0.04825724;0.09804576;0.017071916;1.0689799;0.9320803;0.08544641;0.065827355;1.0708988;1.0942904;0.0;0.0;1.0;1.0
0.093588896;0.07858617;0.01991089;0.91155934;0.9615089;0.0050093173;0.030226583;1.0293095;0.030988986;0.0;0.0;1.0;0.0
0.09974344;0.002349168;0.07521915;1.0384018;1.0274074;0.036332417;0.006867236;0.036975008;1.0442322;0.0;0.0;0.0;1.0
0.056062467;0.043575257;0.030626887;1.0903447;0.9288723;0.07440694;0.038734164;0.09338243;0.088200815;0.0;0.0;0.0;0.0
0.026696563;0.09096798;0.030106878;0.9710125;0.0014299751;0.9985568;0.9457848;1.0817862;0.9532441;0.0;0.0;1.0;1.0
0.048663974;0.0865035;0.094964795;1.0645365;0.047345817;1.0350323;0.9868265;0.90003514;0.01353615;0.0;0.0;1.0;0.0
0.08599197;0.070164256;0.09773398;1.0898261;0.0035378337;1.0417075;1.0204598;0.02408706;0.92149657;0.0;0.0;0.0;1.0
0.099517845;0.013232118;0.040653057;1.0653526;0.009330869;1.0500891;1.0833046;0.05978928;0.08209989;0.0;0.0;0.0;0.0
0.0351672;0.0018189312;0.044813532;1.0718508;0.023060191;0.9899373;0.034045525;1.0018349;1.0775541;0.0;0.0;1.0;1.0
0.0927844;0.08689975;0.060276028;1.0795622;0.08910242;0.9558237;0.04649497;0.96755767;0.06261756;0.0;0.0;1.0;0.0
0.0762175;0.092518575;0.04867032;1.0461845;0.0058486997;0.9838518;0.04640127;0.08298758;0.9591059;0.0;0.0;0.0;1.0
0.09548384;0.093385994;0.073760435;1.0338097;0.015830666;1.0726453;0.04807482;0.09286156;0.044782605;0.0;0.0;0.0;0.0
0.09933791;0.09090896;0.036389835;1.0304017;0.016604275;0.07901654;0.9226452;0.9463823;1.0563618;0.0;0.0;1.0;1.0
0.048725177;0.01008705;0.052952852;0.96640384;0.073424;0.07199491;0.99527717;0.99026513;0.089531444;0.0;0.0;1.0;0.0
0.052152496;0.04595345;0.04128241;1.0984428;0.029126734;0.026339848;0.93211865;0.04959156;0.9941072;0.0;0.0;0.0;1.0
0.040008646;0.03053366;3.2818923E-4;1.0368985;0.026919592;0.011076522;0.99404967;0.05862335;0.08812157;0.0;0.0;0.0;0.0
0.022433316;0.092419006;0.05711155;0.9280054;0.08316259;0.09571705;0.098387256;1.0900868;1.0040547;0.0;0.0;1.0;1.0
0.008814782;0.0203417;0.041540712;1.08828;0.0072724163;0.041175004;0.018541282;0.9718289;0.014974064;0.0;0.0;1.0;0.0
0.014673657;0.010499912;0.020004446;0.9484114;0.078470364;0.08852181;0.013659936;0.058164384;1.0571523;0.0;0.0;0.0;1.0
0.047100943;0.008740157;0.041652765;1.0077066;0.081480026;0.05162058;0.0830083;0.023981137;0.08212488;0.0;0.0;0.0;0.0
0.023674203;0.04637704;0.008819229;0.020120217;1.0784093;1.0587008;1.0733386;1.0852616;0.9717497;0.0;0.0;1.0;0.0
0.017450308;0.07353713;0.040865052;0.06960231;0.9275765;0.9178932;1.0257071;0.9054313;0.0037477135;0.0;0.0;1.0;0.0
0.08783144;0.0057887076;0.052058723;0.060893007;1.0089911;1.0212125;1.0738614;0.057519324;1.0972961;0.0;0.0;0.0;0.0
0.07288503;0.06223802;0.06355998;0.07559092;1.061977;0.9590238;0.96223503;0.0037468672;0.016475206;0.0;0.0;0.0;0.0
0.013654649;0.030756492;0.065709695;0.06606215;1.0871693;1.0270363;0.06775648;1.0483048;0.9434526;0.0;0.0;1.0;0.0
0.059707787;0.09473082;0.05474065;0.06360459;0.96729517;0.97696215;0.015861427;0.98021185;0.06603798;0.0;0.0;1.0;0.0
0.098246805;0.06719463;0.04795144;0.077018045;1.0497645;0.91352075;0.08615446;0.054462086;1.0106354;0.0;0.0;0.0;0.0
0.010333317;0.020668609;0.08834695;0.023696065;0.97454154;1.0268824;0.008595878;0.06542637;0.083620735;0.0;0.0;0.0;0.0
0.08135523;0.008818614;0.011493576;0.095870726;1.0392895;0.023915721;0.9736623;0.90602434;1.0362991;0.0;0.0;1.0;0.0
0.06287148;0.00766322;0.015768176;0.098690234;1.0919392;0.007256401;0.996773;1.0263847;0.005806667;0.0;0.0;1.0;0.0
0.051651653;0.051566333;0.057168134;0.0798956;0.992772;0.014379084;0.90947163;0.035236318;0.97932553;0.0;0.0;0.0;0.0
0.057059098;0.02207287;0.07812714;0.04610942;0.90631354;0.09186249;0.93907917;0.07833114;0.019231249;0.0;0.0;0.0;0.0
0.0893893;0.013804281;0.05074204;0.060028125;1.0987742;0.0077993097;0.0083789;0.9555285;1.0095636;0.0;0.0;1.0;0.0
0.036640096;0.052067842;0.05589061;0.045702588;1.076935;0.023239052;0.09788352;0.9344522;0.096874334;0.0;0.0;1.0;0.0
0.050345242;0.011614955;0.09527982;0.026566464;1.019014;0.0061517595;0.04951899;0.021626104;1.0885731;0.0;0.0;0.0;0.0
0.096896134;0.07208851;0.020010024;0.0867356;1.0473254;0.0044481456;0.0348515;0.01762941;0.07120489;0.0;0.0;0.0;0.0
0.037796732;0.046144783;0.049369555;0.06553769;0.0957854;1.0656482;1.0695359;1.0608289;0.93641263;0.0;0.0;1.0;0.0
0.05969541;0.015969956;0.013074554;0.09352602;0.059044212;0.91281;1.0531318;0.90398735;0.062259834;0.0;0.0;1.0;0.0
0.092609175;0.05044365;0.02920996;0.04056036;0.01159786;1.0405692;1.0233152;0.03541407;0.9768438;0.0;0.0;0.0;0.0
0.044724017;0.045400746;0.06906164;0.097840674;0.032915015;1.094455;0.9372112;0.08218514;0.05077699;0.0;0.0;0.0;0.0
0.053581055;0.085754864;0.008912218;0.092968605;0.07562046;0.9572121;0.022732705;0.9946244;1.0291888;0.0;0.0;1.0;0.0
0.041471668;0.035521127;0.099997446;0.040800046;0.008468199;1.0959977;0.03389418;0.9222902;0.005631793;0.0;0.0;1.0;0.0
0.08466996;0.07866772;0.0034787536;0.003869033;0.089571424;1.0932502;0.040602345;0.0964395;1.0551342;0.0;0.0;0.0;0.0
0.024864782;0.08374855;0.036625337;0.031259127;0.02581746;1.038693;0.092680454;0.007312113;0.031867504;0.0;0.0;0.0;0.0
0.010611487;0.009142292;0.008455354;0.026474047;0.07172492;0.02981813;0.94311935;0.9663547;1.0597146;0.0;0.0;1.0;0.0
0.04218282;0.020357205;0.085365765;0.04156788;0.014973241;0.06790574;0.9416573;1.072223;0.09253482;0.0;0.0;1.0;0.0
0.030884553;0.029102445;0.084040515;0.06629214;0.04831931;0.02138958;1.0689837;0.024106389;1.0756558;0.0;0.0;0.0;0.0
0.08333573;0.017886562;0.046368033;0.047971874;0.003295994;0.0013333084;1.0165131;0.07732094;0.029649574;0.0;0.0;0.0;0.0
0.0070293783;0.062064406;0.095694184;0.02609936;0.082431816;0.08399405;0.04946658;1.0673249;0.91279346;0.0;0.0;1.0;0.0
0.0078987125;0.09885965;0.04135585;0.08092662;0.07263161;0.023468573;0.08196969;1.0336359;2.2382746E-4;0.0;0.0;1.0;0.0
0.09654193;0.02947461;0.033840157;0.04672569;0.011681104;0.060895234;0.08540071;0.059228044;1.0798007;0.0;0.0;0.0;0.0
0.014986974;0.05410696;0.043203097;0.076031856;0.018895805;0.01622411;0.08349896;0.044594306;0.03420213;0.0;0.0;0.0;0.0
